id,address,occur,death_injury,death,s_injury,l_injury,lot,lat,year
0,서울특별시 강동구 상일동(HTH택배앞 인근),5,13,0,0,12,127.182591266875,37.542259081592,2017
1,대구광역시 서구 상리동(상리동종점 인근),4,6,0,0,6,128.525936958225,35.884897544887,2017
2,인천광역시 계양구 용종동(계양IC남측본선 부근),5,5,0,0,5,126.749807775709,37.540735318881,2017
3,경기도 고양시 덕양구 원흥동(원흥주유소앞 부근),4,11,1,2,8,126.869249819525,37.637435343667,2017
4,경기도 구리시 수택동(구리TG 부근),7,10,0,1,9,127.157546943837,37.590321323971,2017
5,경기도 김포시 고촌읍(신곡리9525 부근),6,15,0,0,15,126.767749051778,37.592782998637,2017
6,경기도 남양주시 진건읍(양주골화로구이앞 부근),5,15,0,4,11,127.172086100794,37.658495190701,2017
7,경기도 남양주시 오남읍(진주아파트 부근),5,9,0,3,6,127.212387400759,37.688741053058,2017
8,경기도 남양주시 화도읍(중흥S클래식빌앞 부근),5,10,0,1,9,127.301901395434,37.657991448048,2017
9,경기도 남양주시 이패동(한성수출포장 부근),5,18,0,0,17,127.188530164836,37.608749581129,2017
10,경기도 성남시 분당구 분당동(정자지하차도1 부근),9,41,0,7,29,127.10315279077,37.361745165808,2017
11,경기도 성남시 분당구 삼평동(판교JC남측경부선본선 부근),6,6,0,0,6,127.097275442409,37.402846199593,2017
12,경기도 성남시 분당구 궁내동(정자지하차도앞 부근),5,13,0,4,9,127.103759242296,37.366677756574,2017
13,경기도 성남시 분당구 삼평동(금토교 인근),5,8,0,1,6,127.094651521951,37.405846024975,2017
14,경기도 성남시 수정구 금토동(옛골토성 인근),5,42,0,6,34,127.066501463972,37.433537271329,2017
15,경기도 수원시 영통구 망포동(동수원IC남측본선 부근),4,7,0,1,5,127.047605875911,37.301261135694,2017
16,경기도 수원시 팔달구 매산로1가(수원역남단교차로 부근),4,4,0,0,4,127.0010793941,37.266046105344,2017
17,경기도 안산시 단원구 고잔동(중앙역사거리 부근),4,6,0,1,5,126.836897526401,37.316700280195,2017
18,경기도 안산시 단원구 와동(화랑초교사거리 부근),4,8,0,0,7,126.817556014,37.33142696918,2017
19,경기도 안산시 상록구 부곡동(안산JC서측영동선본선 부근),4,17,0,1,12,126.854982319879,37.345820981854,2017
20,경기도 안성시 공도읍(안성IC남측본선 부근),4,24,0,9,15,127.15564730498,36.990528026248,2017
21,경기도 오산시 원동(오산IC남측본선 부근),4,9,0,3,4,127.085303422716,37.14082332104,2017
22,경기도 용인시 기흥구 보라동(상갈신도시주유소앞 부근),6,10,0,0,8,127.103722781083,37.2598855218,2017
23,경기도 용인시 기흥구 공세동(만도중앙연구소앞 부근),4,28,0,6,11,127.104950486976,37.227560911608,2017
24,경기도 용인시 기흥구 보정동(평가선교원앞 부근),4,16,0,4,12,127.103981149112,37.252108220719,2017
25,경기도 용인시 기흥구 상갈동(수원IC북측본선 부근),4,11,0,3,8,127.103646325219,37.267804037128,2017
26,경기도 용인시 처인구 김량장동(용인중교앞 부근),4,6,0,2,4,127.203426329263,37.23661009598,2017
27,경기도 의왕시 내손동(계원조형예술전문대학 부근),4,6,0,1,4,126.982223181955,37.381044810271,2017
28,경기도 파주시 법원읍(현대당구클럽 부근),4,10,0,1,8,126.8729963538,37.849273524954,2017
29,경기도 평택시 월곡동(안성JC남측경부선본선 부근),6,18,0,2,11,127.141571853759,37.025335911024,2017
30,경기도 포천시 소흘읍(부인터사거리 부근),6,9,0,1,7,127.131939058842,37.8054642179,2017
31,경기도 하남시 상산곡동(천현교 부근),4,7,0,2,5,127.221668262182,37.51763877541,2017
32,경기도 화성시 향남읍(제암삼거리 부근),4,4,0,3,1,126.905223501764,37.125543812498,2017
33,경기도 화성시 동탄면(동탄4동1 부근),4,15,0,1,13,127.094514951805,37.199645207961,2017
34,경기도 화성시 팔탄면(한국도로공사 화성지사 부근),4,11,0,1,9,126.883980498802,37.118647712123,2017
35,강원도 강릉시 성산면(강릉요금소 부근),4,7,0,3,4,128.84702211428,37.746595310826,2017
36,강원도 원주시 단계동(발리이용원 부근),4,8,0,1,7,127.932338626028,37.343800435443,2017
37,강원도 철원군 갈말읍(6.25참전기념비 부근),4,10,0,1,9,127.307529435536,38.184432561115,2017
38,강원도 평창군 봉평면(국립횡성 숲체원 인근),4,14,0,1,13,128.29216451728,37.532823257988,2017
39,충청북도 진천군 문백면(백곡천교 부근),4,14,0,1,13,127.494011072554,36.837940266931,2017
40,충청남도 천안시 동남구 신부동(천안IC 부근),4,8,0,3,5,127.166947190262,36.826425578579,2017
41,전라남도 영광군 영광읍(만곡사거리 부근),4,8,0,1,7,126.458640829312,35.284861709901,2017
42,경상북도 경산시 중산동(중산삼거리 부근),4,8,0,2,6,128.722414842172,35.835032863277,2017
43,경상북도 경산시 하양읍(경동정보대2 부근),4,5,0,0,5,128.803782328093,35.900792411841,2017
44,경상북도 고령군 성산면(기족리노인회관 부근),4,19,2,8,9,128.343187595832,35.749269653073,2017
45,경상남도 거창군 거창읍(거창IC입구서측 부근),4,5,0,1,4,127.926525286014,35.676938985846,2017
46,경상남도 함안군 칠원읍(신동세창종합식품기계 부근),4,16,0,5,11,128.541280939165,35.288198494166,2017
47,제주특별자치도 서귀포시 서홍동(한남투자 부근),9,15,0,6,6,126.561279356358,33.252511138479,2017
48,제주특별자치도 제주시 일도이동(인제사거리 부근),9,15,0,4,10,126.540512194583,33.507146735734,2017
49,제주특별자치도 제주시 노형동(노형오거리 부근),8,12,0,5,6,126.479669266624,33.486029377954,2017
50,제주특별자치도 제주시 용담이동(공항입구1 부근),8,12,0,4,5,126.49658213286,33.505524302106,2017
51,제주특별자치도 제주시 연동(코레스코호텔 부근),8,10,0,2,7,126.489862154816,33.482338383111,2017
52,제주특별자치도 제주시 용담이동(먹돌새기 부근),7,14,0,5,8,126.508501928023,33.506024330559,2017
53,제주특별자치도 제주시 용담이동(용문로타리서측 부근),7,9,0,4,4,126.510770216074,33.508968264874,2017
54,제주특별자치도 제주시 이도이동(구간전사거리 부근),7,8,0,4,4,126.530358461975,33.498369619663,2017
55,제주특별자치도 제주시 이도일동(중앙로1 부근),7,10,0,2,8,126.524399427293,33.511273408942,2017
56,서울특별시 강동구 상일동(HTH택배앞 인근),5,13,0,0,12,127.182591266875,37.542259081592,2018
57,대구광역시 서구 상리동(상리동종점 인근),4,6,0,0,6,128.525936958225,35.884897544887,2018
58,인천광역시 계양구 용종동(계양IC남측본선 부근),5,5,0,0,5,126.749807775709,37.540735318881,2018
59,경기도 고양시 덕양구 원흥동(원흥주유소앞 부근),4,11,1,2,8,126.869249819525,37.637435343667,2018
60,경기도 구리시 수택동(구리TG 부근),7,10,0,1,9,127.157546943837,37.590321323971,2018
61,경기도 김포시 고촌읍(신곡리9525 부근),6,15,0,0,15,126.767749051778,37.592782998637,2018
62,경기도 남양주시 진건읍(양주골화로구이앞 부근),5,15,0,4,11,127.172086100794,37.658495190701,2018
63,경기도 남양주시 오남읍(진주아파트 부근),5,9,0,3,6,127.212387400759,37.688741053058,2018
64,경기도 남양주시 화도읍(중흥S클래식빌앞 부근),5,10,0,1,9,127.301901395434,37.657991448048,2018
65,경기도 남양주시 이패동(한성수출포장 부근),5,18,0,0,17,127.188530164836,37.608749581129,2018
66,경기도 성남시 분당구 분당동(정자지하차도1 부근),9,41,0,7,29,127.10315279077,37.361745165808,2018
67,경기도 성남시 분당구 삼평동(판교JC남측경부선본선 부근),6,6,0,0,6,127.097275442409,37.402846199593,2018
68,경기도 성남시 분당구 궁내동(정자지하차도앞 부근),5,13,0,4,9,127.103759242296,37.366677756574,2018
69,경기도 성남시 분당구 삼평동(금토교 인근),5,8,0,1,6,127.094651521951,37.405846024975,2018
70,경기도 성남시 수정구 금토동(옛골토성 인근),5,42,0,6,34,127.066501463972,37.433537271329,2018
71,경기도 수원시 영통구 망포동(동수원IC남측본선 부근),4,7,0,1,5,127.047605875911,37.301261135694,2018
72,경기도 수원시 팔달구 매산로1가(수원역남단교차로 부근),4,4,0,0,4,127.0010793941,37.266046105344,2018
73,경기도 안산시 단원구 고잔동(중앙역사거리 부근),4,6,0,1,5,126.836897526401,37.316700280195,2018
74,경기도 안산시 단원구 와동(화랑초교사거리 부근),4,8,0,0,7,126.817556014,37.33142696918,2018
75,경기도 안산시 상록구 부곡동(안산JC서측영동선본선 부근),4,17,0,1,12,126.854982319879,37.345820981854,2018
76,경기도 안성시 공도읍(안성IC남측본선 부근),4,24,0,9,15,127.15564730498,36.990528026248,2018
77,경기도 오산시 원동(오산IC남측본선 부근),4,9,0,3,4,127.085303422716,37.14082332104,2018
78,경기도 용인시 기흥구 보라동(상갈신도시주유소앞 부근),6,10,0,0,8,127.103722781083,37.2598855218,2018
79,경기도 용인시 기흥구 공세동(만도중앙연구소앞 부근),4,28,0,6,11,127.104950486976,37.227560911608,2018
80,경기도 용인시 기흥구 보정동(평가선교원앞 부근),4,16,0,4,12,127.103981149112,37.252108220719,2018
81,경기도 용인시 기흥구 상갈동(수원IC북측본선 부근),4,11,0,3,8,127.103646325219,37.267804037128,2018
82,경기도 용인시 처인구 김량장동(용인중교앞 부근),4,6,0,2,4,127.203426329263,37.23661009598,2018
83,경기도 의왕시 내손동(계원조형예술전문대학 부근),4,6,0,1,4,126.982223181955,37.381044810271,2018
84,경기도 파주시 법원읍(현대당구클럽 부근),4,10,0,1,8,126.8729963538,37.849273524954,2018
85,경기도 평택시 월곡동(안성JC남측경부선본선 부근),6,18,0,2,11,127.141571853759,37.025335911024,2018
86,경기도 포천시 소흘읍(부인터사거리 부근),6,9,0,1,7,127.131939058842,37.8054642179,2018
87,경기도 하남시 상산곡동(천현교 부근),4,7,0,2,5,127.221668262182,37.51763877541,2018
88,경기도 화성시 향남읍(제암삼거리 부근),4,4,0,3,1,126.905223501764,37.125543812498,2018
89,경기도 화성시 동탄면(동탄4동1 부근),4,15,0,1,13,127.094514951805,37.199645207961,2018
90,경기도 화성시 팔탄면(한국도로공사 화성지사 부근),4,11,0,1,9,126.883980498802,37.118647712123,2018
91,강원도 강릉시 성산면(강릉요금소 부근),4,7,0,3,4,128.84702211428,37.746595310826,2018
92,강원도 원주시 단계동(발리이용원 부근),4,8,0,1,7,127.932338626028,37.343800435443,2018
93,강원도 철원군 갈말읍(6.25참전기념비 부근),4,10,0,1,9,127.307529435536,38.184432561115,2018
94,강원도 평창군 봉평면(국립횡성 숲체원 인근),4,14,0,1,13,128.29216451728,37.532823257988,2018
95,충청북도 진천군 문백면(백곡천교 부근),4,14,0,1,13,127.494011072554,36.837940266931,2018
96,충청남도 천안시 동남구 신부동(천안IC 부근),4,8,0,3,5,127.166947190262,36.826425578579,2018
97,전라남도 영광군 영광읍(만곡사거리 부근),4,8,0,1,7,126.458640829312,35.284861709901,2018
98,경상북도 경산시 중산동(중산삼거리 부근),4,8,0,2,6,128.722414842172,35.835032863277,2018
99,경상북도 경산시 하양읍(경동정보대2 부근),4,5,0,0,5,128.803782328093,35.900792411841,2018
100,경상북도 고령군 성산면(기족리노인회관 부근),4,19,2,8,9,128.343187595832,35.749269653073,2018
101,경상남도 거창군 거창읍(거창IC입구서측 부근),4,5,0,1,4,127.926525286014,35.676938985846,2018
102,경상남도 함안군 칠원읍(신동세창종합식품기계 부근),4,16,0,5,11,128.541280939165,35.288198494166,2018
103,제주특별자치도 서귀포시 서홍동(한남투자 부근),9,15,0,6,6,126.561279356358,33.252511138479,2018
104,제주특별자치도 제주시 일도이동(인제사거리 부근),9,15,0,4,10,126.540512194583,33.507146735734,2018
105,제주특별자치도 제주시 노형동(노형오거리 부근),8,12,0,5,6,126.479669266624,33.486029377954,2018
106,제주특별자치도 제주시 용담이동(공항입구1 부근),8,12,0,4,5,126.49658213286,33.505524302106,2018
107,제주특별자치도 제주시 연동(코레스코호텔 부근),8,10,0,2,7,126.489862154816,33.482338383111,2018
108,제주특별자치도 제주시 용담이동(먹돌새기 부근),7,14,0,5,8,126.508501928023,33.506024330559,2018
109,제주특별자치도 제주시 용담이동(용문로타리서측 부근),7,9,0,4,4,126.510770216074,33.508968264874,2018
110,제주특별자치도 제주시 이도이동(구간전사거리 부근),7,8,0,4,4,126.530358461975,33.498369619663,2018
111,제주특별자치도 제주시 이도일동(중앙로1 부근),7,10,0,2,8,126.524399427293,33.511273408942,2018
112,서울특별시 강동구 상일동(상일IC남측외곽순환선 인근),5,11,0,0,9,127.182431147081,37.542646234337,2018
113,서울특별시 서초구 원지동(양재IC2 부근),4,13,0,2,6,127.041891499994,37.461756395442,2018
114,경기도 구리시 토평동(구리TG 부근),5,6,0,1,5,127.157831768123,37.589961610441,2018
115,경기도 김포시 고촌읍(신곡리9525 부근),4,9,0,0,9,126.767781117106,37.593556541502,2018
116,경기도 남양주시 진건읍(지용교차로진관교 부근),6,15,0,3,12,127.172029255547,37.658531086242,2018
117,경기도 남양주시 와부읍(남양주TG 부근),6,23,0,0,23,127.241987745939,37.597683813658,2018
118,경기도 남양주시 평내동(샤르망메디칼프라자앞 부근),5,5,1,4,0,127.243539548612,37.653804942045,2018
119,경기도 남양주시 호평동(대성가구전시장앞 부근),5,10,0,4,6,127.243757454344,37.656374235883,2018
120,경기도 남양주시 오남읍(GS25 (오남점) 부근),5,9,0,2,7,127.212724912726,37.689453931255,2018
121,경기도 남양주시 금곡동(우리마트앞 부근),5,5,0,2,3,127.20723748882,37.63404414772,2018
122,경기도 성남시 분당구 금곡동(정자지하차도 부근),8,37,0,6,28,127.103440840923,37.360655459982,2018
123,경기도 성남시 분당구 삼평동(금토교 인근),6,10,0,1,7,127.094651521951,37.405846024975,2018
124,경기도 성남시 분당구 삼평동(판교JC남측경부선본선 부근),4,6,1,0,5,127.098092984605,37.402091825778,2018
125,경기도 성남시 분당구 궁내동(정자지하차도앞 부근),4,9,0,3,4,127.103830554937,37.366001959224,2018
126,경기도 수원시 권선구 서둔동(수원고가도로교앞 부근),4,4,0,0,4,126.995956365595,37.261373215402,2018
127,경기도 수원시 영통구 이의동(동수원IC동측본선 부근),4,5,0,2,3,127.051454350139,37.299229629245,2018
128,경기도 수원시 장안구 하광교동(동수원IC남측본선 부근),4,10,0,1,3,127.047605875911,37.301261135694,2018
129,경기도 수원시 팔달구 매산로1가(육교사거리 부근),4,16,0,2,12,126.998651372064,37.269929865372,2018
130,경기도 수원시 팔달구 매산로1가(수원역북단교차로 부근),4,4,0,1,3,127.000451604359,37.267179213351,2018
131,경기도 수원시 팔달구 매산로1가(수원역남단교차로 부근),4,4,0,0,4,127.001308044032,37.265578344566,2018
132,경기도 안산시 단원구 고잔동(중앙역사거리 부근),5,7,1,1,4,126.836897526401,37.316700280195,2018
133,경기도 안산시 단원구 초지동(화랑초교사거리 부근),5,9,0,0,8,126.817556014,37.33142696918,2018
134,경기도 안산시 상록구 부곡동(안산JC서측영동선본선 부근),4,17,0,1,12,126.854982319879,37.345820981854,2018
135,경기도 안성시 공도읍(안성JC남측경부선본선 부근),5,19,0,0,17,127.141193292238,37.026703144036,2018
136,경기도 여주시 가남읍(여주휴게소 인근),4,5,0,1,4,127.569529519873,37.239575120297,2018
137,경기도 용인시 기흥구 고매동(현대자동차앞 부근),5,15,0,1,13,127.103729294872,37.254121103107,2018
138,경기도 용인시 기흥구 보정동(평가선교원앞 부근),4,16,0,4,12,127.103981149112,37.252108220719,2018
139,경기도 용인시 기흥구 보라동(상갈신도시주유소앞 부근),4,4,0,0,2,127.10390036571,37.260215126028,2018
140,경기도 용인시 수지구 풍덕천동(소방서입구 부근),4,8,0,0,8,127.102920165834,37.326581367137,2018
141,경기도 의왕시 내손동(계원조형예술전문대학 부근),5,10,0,1,8,126.982223181955,37.381044810271,2018
142,경기도 의왕시 오전동(의왕TG 부근),4,5,0,1,4,126.984099783779,37.34782822999,2018
143,경기도 파주시 야동동(무명4거리 부근),4,5,0,1,4,126.764918982426,37.768441703123,2018
144,경기도 포천시 소흘읍(어하터널앞교차로 부근),4,7,0,1,6,127.130904878059,37.805551113994,2018
145,경기도 포천시 선단동(뼈다귀촌 부근),4,5,0,0,3,127.166594022897,37.85433740235,2018
146,경기도 하남시 상산곡동(천현교 부근),4,8,0,1,7,127.220729388851,37.517541014607,2018
147,경기도 화성시 방교동(동탄4동1 부근),4,8,0,4,3,127.094392117004,37.198593747604,2018
148,경기도 화성시 팔탄면(축사 부근),4,11,0,1,9,126.883980498802,37.118647712123,2018
149,강원도 원주시 단계동(첼로모텔 부근),5,7,0,1,6,127.931324512717,37.344146664538,2018
150,강원도 춘천시 남면(발산4터널 부근),4,15,0,0,15,127.644774460874,37.74034644983,2018
151,충청북도 진천군 진천읍(백곡천교 부근),5,19,0,1,18,127.494011072554,36.837940266931,2018
152,충청남도 논산시 가야곡면(야촌사거리 부근),4,11,0,4,7,127.154597498477,36.133022731315,2018
153,충청남도 천안시 동남구 신부동(천안IC 부근),4,6,0,3,3,127.167350019988,36.826623226182,2018
154,전라남도 영광군 군서면(만곡사거리 부근),4,8,0,2,6,126.458552637296,35.284878983179,2018
155,경상남도 창녕군 창녕읍(창녕읍술정리3151 부근),4,4,0,3,1,128.492394084121,35.540112258175,2018
156,제주특별자치도 서귀포시 서귀동(중앙로타리 부근),8,17,0,2,6,126.560985878796,33.253152015154,2018
157,제주특별자치도 제주시 일도이동(인제사거리 부근),9,15,0,4,10,126.540329289566,33.507525926781,2018
158,제주특별자치도 제주시 이도이동(제주시청서측 부근),9,10,0,4,6,126.52978109812,33.498497680425,2018
159,제주특별자치도 제주시 연동(신광사거리 부근),8,16,0,2,13,126.492259794155,33.493708464975,2018
160,제주특별자치도 제주시 연동(신제주초교입구오거리 부근),8,11,0,2,8,126.496305532875,33.483594790868,2018
161,제주특별자치도 제주시 노형동(노형파출소 부근),7,12,0,3,8,126.480100044583,33.486376553136,2018
162,제주특별자치도 제주시 이도일동(광양초등학교 부근),7,8,0,2,6,126.529736225547,33.500975790201,2018
163,제주특별자치도 제주시 연동(수미도일식집 부근),7,9,0,1,7,126.491998837877,33.487802430039,2018
164,제주특별자치도 제주시 해안동(해안육교 부근),7,8,0,1,7,126.457117357981,33.466459597833,2018
165,제주특별자치도 제주시 노형동(정존마을동측 부근),7,10,0,0,8,126.474279489308,33.482142743694,2018
166,서울특별시 강동구 상일동(HTH택배앞 인근),5,13,0,0,12,127.182591266875,37.542259081592,2019
167,대구광역시 서구 상리동(상리동종점 인근),4,6,0,0,6,128.525936958225,35.884897544887,2019
168,인천광역시 계양구 용종동(계양IC남측본선 부근),5,5,0,0,5,126.749807775709,37.540735318881,2019
169,경기도 고양시 덕양구 원흥동(원흥주유소앞 부근),4,11,1,2,8,126.869249819525,37.637435343667,2019
170,경기도 구리시 수택동(구리TG 부근),7,10,0,1,9,127.157546943837,37.590321323971,2019
171,경기도 김포시 고촌읍(신곡리9525 부근),6,15,0,0,15,126.767749051778,37.592782998637,2019
172,경기도 남양주시 진건읍(양주골화로구이앞 부근),5,15,0,4,11,127.172086100794,37.658495190701,2019
173,경기도 남양주시 오남읍(진주아파트 부근),5,9,0,3,6,127.212387400759,37.688741053058,2019
174,경기도 남양주시 화도읍(중흥S클래식빌앞 부근),5,10,0,1,9,127.301901395434,37.657991448048,2019
175,경기도 남양주시 이패동(한성수출포장 부근),5,18,0,0,17,127.188530164836,37.608749581129,2019
176,경기도 성남시 분당구 분당동(정자지하차도1 부근),9,41,0,7,29,127.10315279077,37.361745165808,2019
177,경기도 성남시 분당구 삼평동(판교JC남측경부선본선 부근),6,6,0,0,6,127.097275442409,37.402846199593,2019
178,경기도 성남시 분당구 궁내동(정자지하차도앞 부근),5,13,0,4,9,127.103759242296,37.366677756574,2019
179,경기도 성남시 분당구 삼평동(금토교 인근),5,8,0,1,6,127.094651521951,37.405846024975,2019
180,경기도 성남시 수정구 금토동(옛골토성 인근),5,42,0,6,34,127.066501463972,37.433537271329,2019
181,경기도 수원시 영통구 망포동(동수원IC남측본선 부근),4,7,0,1,5,127.047605875911,37.301261135694,2019
182,경기도 수원시 팔달구 매산로1가(수원역남단교차로 부근),4,4,0,0,4,127.0010793941,37.266046105344,2019
183,경기도 안산시 단원구 고잔동(중앙역사거리 부근),4,6,0,1,5,126.836897526401,37.316700280195,2019
184,경기도 안산시 단원구 와동(화랑초교사거리 부근),4,8,0,0,7,126.817556014,37.33142696918,2019
185,경기도 안산시 상록구 부곡동(안산JC서측영동선본선 부근),4,17,0,1,12,126.854982319879,37.345820981854,2019
186,경기도 안성시 공도읍(안성IC남측본선 부근),4,24,0,9,15,127.15564730498,36.990528026248,2019
187,경기도 오산시 원동(오산IC남측본선 부근),4,9,0,3,4,127.085303422716,37.14082332104,2019
188,경기도 용인시 기흥구 보라동(상갈신도시주유소앞 부근),6,10,0,0,8,127.103722781083,37.2598855218,2019
189,경기도 용인시 기흥구 공세동(만도중앙연구소앞 부근),4,28,0,6,11,127.104950486976,37.227560911608,2019
190,경기도 용인시 기흥구 보정동(평가선교원앞 부근),4,16,0,4,12,127.103981149112,37.252108220719,2019
191,경기도 용인시 기흥구 상갈동(수원IC북측본선 부근),4,11,0,3,8,127.103646325219,37.267804037128,2019
192,경기도 용인시 처인구 김량장동(용인중교앞 부근),4,6,0,2,4,127.203426329263,37.23661009598,2019
193,경기도 의왕시 내손동(계원조형예술전문대학 부근),4,6,0,1,4,126.982223181955,37.381044810271,2019
194,경기도 파주시 법원읍(현대당구클럽 부근),4,10,0,1,8,126.8729963538,37.849273524954,2019
195,경기도 평택시 월곡동(안성JC남측경부선본선 부근),6,18,0,2,11,127.141571853759,37.025335911024,2019
196,경기도 포천시 소흘읍(부인터사거리 부근),6,9,0,1,7,127.131939058842,37.8054642179,2019
197,경기도 하남시 상산곡동(천현교 부근),4,7,0,2,5,127.221668262182,37.51763877541,2019
198,경기도 화성시 향남읍(제암삼거리 부근),4,4,0,3,1,126.905223501764,37.125543812498,2019
199,경기도 화성시 동탄면(동탄4동1 부근),4,15,0,1,13,127.094514951805,37.199645207961,2019
200,경기도 화성시 팔탄면(한국도로공사 화성지사 부근),4,11,0,1,9,126.883980498802,37.118647712123,2019
201,강원도 강릉시 성산면(강릉요금소 부근),4,7,0,3,4,128.84702211428,37.746595310826,2019
202,강원도 원주시 단계동(발리이용원 부근),4,8,0,1,7,127.932338626028,37.343800435443,2019
203,강원도 철원군 갈말읍(6.25참전기념비 부근),4,10,0,1,9,127.307529435536,38.184432561115,2019
204,강원도 평창군 봉평면(국립횡성 숲체원 인근),4,14,0,1,13,128.29216451728,37.532823257988,2019
205,충청북도 진천군 문백면(백곡천교 부근),4,14,0,1,13,127.494011072554,36.837940266931,2019
206,충청남도 천안시 동남구 신부동(천안IC 부근),4,8,0,3,5,127.166947190262,36.826425578579,2019
207,전라남도 영광군 영광읍(만곡사거리 부근),4,8,0,1,7,126.458640829312,35.284861709901,2019
208,경상북도 경산시 중산동(중산삼거리 부근),4,8,0,2,6,128.722414842172,35.835032863277,2019
209,경상북도 경산시 하양읍(경동정보대2 부근),4,5,0,0,5,128.803782328093,35.900792411841,2019
210,경상북도 고령군 성산면(기족리노인회관 부근),4,19,2,8,9,128.343187595832,35.749269653073,2019
211,경상남도 거창군 거창읍(거창IC입구서측 부근),4,5,0,1,4,127.926525286014,35.676938985846,2019
212,경상남도 함안군 칠원읍(신동세창종합식품기계 부근),4,16,0,5,11,128.541280939165,35.288198494166,2019
213,제주특별자치도 서귀포시 서홍동(한남투자 부근),9,15,0,6,6,126.561279356358,33.252511138479,2019
214,제주특별자치도 제주시 일도이동(인제사거리 부근),9,15,0,4,10,126.540512194583,33.507146735734,2019
215,제주특별자치도 제주시 노형동(노형오거리 부근),8,12,0,5,6,126.479669266624,33.486029377954,2019
216,제주특별자치도 제주시 용담이동(공항입구1 부근),8,12,0,4,5,126.49658213286,33.505524302106,2019
217,제주특별자치도 제주시 연동(코레스코호텔 부근),8,10,0,2,7,126.489862154816,33.482338383111,2019
218,제주특별자치도 제주시 용담이동(먹돌새기 부근),7,14,0,5,8,126.508501928023,33.506024330559,2019
219,제주특별자치도 제주시 용담이동(용문로타리서측 부근),7,9,0,4,4,126.510770216074,33.508968264874,2019
220,제주특별자치도 제주시 이도이동(구간전사거리 부근),7,8,0,4,4,126.530358461975,33.498369619663,2019
221,제주특별자치도 제주시 이도일동(중앙로1 부근),7,10,0,2,8,126.524399427293,33.511273408942,2019
222,서울특별시 강동구 상일동(상일IC남측외곽순환선 인근),5,11,0,0,9,127.182431147081,37.542646234337,2019
223,서울특별시 서초구 원지동(양재IC2 부근),4,13,0,2,6,127.041891499994,37.461756395442,2019
224,경기도 구리시 토평동(구리TG 부근),5,6,0,1,5,127.157831768123,37.589961610441,2019
225,경기도 김포시 고촌읍(신곡리9525 부근),4,9,0,0,9,126.767781117106,37.593556541502,2019
226,경기도 남양주시 진건읍(지용교차로진관교 부근),6,15,0,3,12,127.172029255547,37.658531086242,2019
227,경기도 남양주시 와부읍(남양주TG 부근),6,23,0,0,23,127.241987745939,37.597683813658,2019
228,경기도 남양주시 평내동(샤르망메디칼프라자앞 부근),5,5,1,4,0,127.243539548612,37.653804942045,2019
229,경기도 남양주시 호평동(대성가구전시장앞 부근),5,10,0,4,6,127.243757454344,37.656374235883,2019
230,경기도 남양주시 오남읍(GS25 (오남점) 부근),5,9,0,2,7,127.212724912726,37.689453931255,2019
231,경기도 남양주시 금곡동(우리마트앞 부근),5,5,0,2,3,127.20723748882,37.63404414772,2019
232,경기도 성남시 분당구 금곡동(정자지하차도 부근),8,37,0,6,28,127.103440840923,37.360655459982,2019
233,경기도 성남시 분당구 삼평동(금토교 인근),6,10,0,1,7,127.094651521951,37.405846024975,2019
234,경기도 성남시 분당구 삼평동(판교JC남측경부선본선 부근),4,6,1,0,5,127.098092984605,37.402091825778,2019
235,경기도 성남시 분당구 궁내동(정자지하차도앞 부근),4,9,0,3,4,127.103830554937,37.366001959224,2019
236,경기도 수원시 권선구 서둔동(수원고가도로교앞 부근),4,4,0,0,4,126.995956365595,37.261373215402,2019
237,경기도 수원시 영통구 이의동(동수원IC동측본선 부근),4,5,0,2,3,127.051454350139,37.299229629245,2019
238,경기도 수원시 장안구 하광교동(동수원IC남측본선 부근),4,10,0,1,3,127.047605875911,37.301261135694,2019
239,경기도 수원시 팔달구 매산로1가(육교사거리 부근),4,16,0,2,12,126.998651372064,37.269929865372,2019
240,경기도 수원시 팔달구 매산로1가(수원역북단교차로 부근),4,4,0,1,3,127.000451604359,37.267179213351,2019
241,경기도 수원시 팔달구 매산로1가(수원역남단교차로 부근),4,4,0,0,4,127.001308044032,37.265578344566,2019
242,경기도 안산시 단원구 고잔동(중앙역사거리 부근),5,7,1,1,4,126.836897526401,37.316700280195,2019
243,경기도 안산시 단원구 초지동(화랑초교사거리 부근),5,9,0,0,8,126.817556014,37.33142696918,2019
244,경기도 안산시 상록구 부곡동(안산JC서측영동선본선 부근),4,17,0,1,12,126.854982319879,37.345820981854,2019
245,경기도 안성시 공도읍(안성JC남측경부선본선 부근),5,19,0,0,17,127.141193292238,37.026703144036,2019
246,경기도 여주시 가남읍(여주휴게소 인근),4,5,0,1,4,127.569529519873,37.239575120297,2019
247,경기도 용인시 기흥구 고매동(현대자동차앞 부근),5,15,0,1,13,127.103729294872,37.254121103107,2019
248,경기도 용인시 기흥구 보정동(평가선교원앞 부근),4,16,0,4,12,127.103981149112,37.252108220719,2019
249,경기도 용인시 기흥구 보라동(상갈신도시주유소앞 부근),4,4,0,0,2,127.10390036571,37.260215126028,2019
250,경기도 용인시 수지구 풍덕천동(소방서입구 부근),4,8,0,0,8,127.102920165834,37.326581367137,2019
251,경기도 의왕시 내손동(계원조형예술전문대학 부근),5,10,0,1,8,126.982223181955,37.381044810271,2019
252,경기도 의왕시 오전동(의왕TG 부근),4,5,0,1,4,126.984099783779,37.34782822999,2019
253,경기도 파주시 야동동(무명4거리 부근),4,5,0,1,4,126.764918982426,37.768441703123,2019
254,경기도 포천시 소흘읍(어하터널앞교차로 부근),4,7,0,1,6,127.130904878059,37.805551113994,2019
255,경기도 포천시 선단동(뼈다귀촌 부근),4,5,0,0,3,127.166594022897,37.85433740235,2019
256,경기도 하남시 상산곡동(천현교 부근),4,8,0,1,7,127.220729388851,37.517541014607,2019
257,경기도 화성시 방교동(동탄4동1 부근),4,8,0,4,3,127.094392117004,37.198593747604,2019
258,경기도 화성시 팔탄면(축사 부근),4,11,0,1,9,126.883980498802,37.118647712123,2019
259,강원도 원주시 단계동(첼로모텔 부근),5,7,0,1,6,127.931324512717,37.344146664538,2019
260,강원도 춘천시 남면(발산4터널 부근),4,15,0,0,15,127.644774460874,37.74034644983,2019
261,충청북도 진천군 진천읍(백곡천교 부근),5,19,0,1,18,127.494011072554,36.837940266931,2019
262,충청남도 논산시 가야곡면(야촌사거리 부근),4,11,0,4,7,127.154597498477,36.133022731315,2019
263,충청남도 천안시 동남구 신부동(천안IC 부근),4,6,0,3,3,127.167350019988,36.826623226182,2019
264,전라남도 영광군 군서면(만곡사거리 부근),4,8,0,2,6,126.458552637296,35.284878983179,2019
265,경상남도 창녕군 창녕읍(창녕읍술정리3151 부근),4,4,0,3,1,128.492394084121,35.540112258175,2019
266,제주특별자치도 서귀포시 서귀동(중앙로타리 부근),8,17,0,2,6,126.560985878796,33.253152015154,2019
267,제주특별자치도 제주시 일도이동(인제사거리 부근),9,15,0,4,10,126.540329289566,33.507525926781,2019
268,제주특별자치도 제주시 이도이동(제주시청서측 부근),9,10,0,4,6,126.52978109812,33.498497680425,2019
269,제주특별자치도 제주시 연동(신광사거리 부근),8,16,0,2,13,126.492259794155,33.493708464975,2019
270,제주특별자치도 제주시 연동(신제주초교입구오거리 부근),8,11,0,2,8,126.496305532875,33.483594790868,2019
271,제주특별자치도 제주시 노형동(노형파출소 부근),7,12,0,3,8,126.480100044583,33.486376553136,2019
272,제주특별자치도 제주시 이도일동(광양초등학교 부근),7,8,0,2,6,126.529736225547,33.500975790201,2019
273,제주특별자치도 제주시 연동(수미도일식집 부근),7,9,0,1,7,126.491998837877,33.487802430039,2019
274,제주특별자치도 제주시 해안동(해안육교 부근),7,8,0,1,7,126.457117357981,33.466459597833,2019
275,제주특별자치도 제주시 노형동(정존마을동측 부근),7,10,0,0,8,126.474279489308,33.482142743694,2019
276,서울특별시 강동구 상일동(상일IC남측외곽순환선 인근),5,11,0,0,9,127.182431147081,37.542646234337,2019
277,대구광역시 북구 금호동(금호JC 부근),4,14,0,2,12,128.521247812138,35.89330404045,2019
278,대구광역시 서구 상리동(서대구TG 부근),4,5,0,0,5,128.529287825874,35.881010171383,2019
279,인천광역시 부평구 일신동(천하민물장어 부근),6,8,1,2,4,126.754135611071,37.47485274396,2019
280,인천광역시 부평구 구산동(장수IC북측본선 부근),4,8,0,0,8,126.754620633437,37.467693669228,2019
281,경기도 구리시 토평동(구리TG 부근),7,10,0,0,9,127.157662206347,37.589886306609,2019
282,경기도 남양주시 진건읍(지용교차로진관교 부근),6,12,0,4,8,127.17204067244,37.658513091707,2019
283,경기도 남양주시 호평동(이마트 부근),6,11,0,4,7,127.243487535423,37.655742711258,2019
284,경기도 남양주시 삼패동(다일교회앞 부근),5,14,0,3,11,127.199392575808,37.592310120716,2019
285,경기도 남양주시 진접읍(장현사거리 부근),5,7,0,2,5,127.182661539,37.714693483618,2019
286,경기도 남양주시 호평동(호만1교 부근),5,6,0,1,5,127.248353384802,37.661792170973,2019
287,경기도 남양주시 진접읍(진접농협앞 부근),5,5,0,1,3,127.1830984953,37.718923698471,2019
288,경기도 남양주시 와부읍(남양주TG 부근),5,19,0,0,16,127.241489370439,37.59766469587,2019
289,경기도 부천시 삼정동(인천TG 부근),4,9,0,3,5,126.748150581485,37.523714660804,2019
290,경기도 성남시 분당구 궁내동(서울TG 부근),5,21,0,5,6,127.103464192719,37.364801893993,2019
291,경기도 성남시 분당구 삼평동(판교JC남측경부선본선 부근),5,8,0,2,6,127.096799838643,37.403042881325,2019
292,경기도 성남시 분당구 궁내동(불정로1 부근),4,19,0,2,15,127.103236488874,37.360862091813,2019
293,경기도 수원시 영통구 이의동(동수원IC동측본선 부근),4,5,0,2,3,127.051454350139,37.299229629245,2019
294,경기도 수원시 팔달구 매산로1가(육교사거리 부근),5,17,0,3,12,126.998651372064,37.269929865372,2019
295,경기도 수원시 팔달구 매산로1가(수원역북단교차로 부근),5,5,0,1,3,127.000947425784,37.267244402508,2019
296,경기도 안산시 단원구 고잔동(중앙역사거리 부근),6,11,1,1,8,126.836897526401,37.316700280195,2019
297,경기도 안산시 단원구 초지동(연수원사거리 부근),4,7,0,2,4,126.801002424224,37.323488365696,2019
298,경기도 안산시 단원구 초지동(화정1교사거리 부근),4,4,0,0,4,126.819403918457,37.321783875227,2019
299,경기도 안산시 상록구 양상동(안산JC서측영동선본선 부근),4,5,0,0,5,126.856469178911,37.345562272981,2019
300,경기도 안성시 원곡면(만세로1334 인근),4,8,0,0,6,127.138393896962,37.038307808659,2019
301,경기도 여주시 가남읍(여주휴게소(서창방향)전기차충전소 부근),4,5,0,1,4,127.569529519873,37.239575120297,2019
302,경기도 용인시 기흥구 상갈동(수원육교남측 부근),4,26,0,3,19,127.103942916234,37.266518737751,2019
303,경기도 용인시 기흥구 보라동(통미마을.보라1동 부근),4,17,0,3,14,127.103998762334,37.257360728216,2019
304,경기도 용인시 기흥구 보라동(민속촌삼거리 부근),4,11,0,2,8,127.104887369857,37.254773980336,2019
305,경기도 용인시 기흥구 보라동(한보라1로64번길28 부근),4,12,0,1,11,127.104857610391,37.251835321444,2019
306,경기도 의왕시 왕곡동(의왕TG 부근),4,9,0,1,7,126.985056738878,37.348229006564,2019
307,경기도 평택시 진위면(와이에이치에너지 부근),5,8,1,2,5,127.093945827539,37.129125817603,2019
308,경기도 평택시 청북읍(북평택영업소 부근),4,6,0,0,6,126.992478421043,37.066636128456,2019
309,경기도 하남시 풍산동(황산사거리 부근),5,6,0,3,3,127.186485116396,37.550408728981,2019
310,경기도 하남시 망월동(미사2동주민센터 부근),4,8,0,2,4,127.185385490149,37.566918612605,2019
311,경기도 하남시 상산곡동(천현교 부근),4,9,0,1,8,127.221668262182,37.51763877541,2019
312,경기도 화성시 남양읍(남양교차로 부근),5,7,0,1,5,126.818377031176,37.209149867473,2019
313,경기도 화성시 비봉면(양로교 부근),4,9,0,1,7,126.858325222232,37.226796964509,2019
314,강원도 원주시 단계동(서원대로184 부근),4,6,0,0,6,127.932011040778,37.343966586989,2019
315,강원도 춘천시 남면(발산4터널 부근),4,18,0,0,18,127.644099108688,37.740331052537,2019
316,충청남도 천안시 동남구 신부동(천안IC 부근),4,5,0,1,4,127.16714022794,36.826387356492,2019
317,충청남도 태안군 남면(연육교삼거리 부근),4,11,0,2,8,126.324421087864,36.597712727961,2019
318,전라북도 전주시 완산구 평화동1가(꽃밭정이네거리 부근),6,10,0,0,10,127.132858546386,35.795686184671,2019
319,경상남도 함안군 가야읍(가야읍도항리1322 부근),4,4,0,1,3,128.40315240596,35.280562641154,2019
320,제주특별자치도 서귀포시 서귀동(중앙로타리 부근),7,13,0,1,4,126.560836275675,33.253087748702,2019
321,제주특별자치도 제주시 이도이동(중앙로226 부근),11,14,0,5,9,126.53042048282,33.498600092521,2019
322,제주특별자치도 제주시 노형동(노형오거리 부근),9,12,0,3,7,126.479681826556,33.48587615686,2019
323,제주특별자치도 제주시 이도이동(광양사거리 부근),9,10,0,2,8,126.529044812369,33.500807126848,2019
324,제주특별자치도 제주시 연동(신제주초등학교입구교차로 부근),9,10,0,2,7,126.496095974651,33.483659834335,2019
325,제주특별자치도 제주시 이도이동(제주소방서앞교차로 부근),8,12,0,5,7,126.536604583636,33.491938982299,2019
326,제주특별자치도 제주시 도두이동(신광사거리 부근),8,16,0,1,15,126.491319821853,33.493078497975,2019
327,제주특별자치도 제주시 일도이동(인제사거리 부근),8,12,0,1,10,126.540300991499,33.507553667269,2019
328,제주특별자치도 제주시 노형동(노형교차로 부근),7,25,0,8,16,126.485189244189,33.464022933313,2019
329,제주특별자치도 제주시 연동(국기로8 부근),7,13,0,4,2,126.489477833137,33.481140216349,2019
330,제주특별자치도 제주시 연동(삼무공원사거리 부근),7,10,0,1,8,126.490205927862,33.489813525475,2019
331,제주특별자치도 제주시 연동(네스트빌아파트 부근),7,8,0,1,5,126.491741021132,33.487850839645,2019
332,서울특별시 강동구 상일동(HTH택배앞 인근),5,13,0,0,12,127.182591266875,37.542259081592,2020
333,대구광역시 서구 상리동(상리동종점 인근),4,6,0,0,6,128.525936958225,35.884897544887,2020
334,인천광역시 계양구 용종동(계양IC남측본선 부근),5,5,0,0,5,126.749807775709,37.540735318881,2020
335,경기도 고양시 덕양구 원흥동(원흥주유소앞 부근),4,11,1,2,8,126.869249819525,37.637435343667,2020
336,경기도 구리시 수택동(구리TG 부근),7,10,0,1,9,127.157546943837,37.590321323971,2020
337,경기도 김포시 고촌읍(신곡리9525 부근),6,15,0,0,15,126.767749051778,37.592782998637,2020
338,경기도 남양주시 진건읍(양주골화로구이앞 부근),5,15,0,4,11,127.172086100794,37.658495190701,2020
339,경기도 남양주시 오남읍(진주아파트 부근),5,9,0,3,6,127.212387400759,37.688741053058,2020
340,경기도 남양주시 화도읍(중흥S클래식빌앞 부근),5,10,0,1,9,127.301901395434,37.657991448048,2020
341,경기도 남양주시 이패동(한성수출포장 부근),5,18,0,0,17,127.188530164836,37.608749581129,2020
342,경기도 성남시 분당구 분당동(정자지하차도1 부근),9,41,0,7,29,127.10315279077,37.361745165808,2020
343,경기도 성남시 분당구 삼평동(판교JC남측경부선본선 부근),6,6,0,0,6,127.097275442409,37.402846199593,2020
344,경기도 성남시 분당구 궁내동(정자지하차도앞 부근),5,13,0,4,9,127.103759242296,37.366677756574,2020
345,경기도 성남시 분당구 삼평동(금토교 인근),5,8,0,1,6,127.094651521951,37.405846024975,2020
346,경기도 성남시 수정구 금토동(옛골토성 인근),5,42,0,6,34,127.066501463972,37.433537271329,2020
347,경기도 수원시 영통구 망포동(동수원IC남측본선 부근),4,7,0,1,5,127.047605875911,37.301261135694,2020
348,경기도 수원시 팔달구 매산로1가(수원역남단교차로 부근),4,4,0,0,4,127.0010793941,37.266046105344,2020
349,경기도 안산시 단원구 고잔동(중앙역사거리 부근),4,6,0,1,5,126.836897526401,37.316700280195,2020
350,경기도 안산시 단원구 와동(화랑초교사거리 부근),4,8,0,0,7,126.817556014,37.33142696918,2020
351,경기도 안산시 상록구 부곡동(안산JC서측영동선본선 부근),4,17,0,1,12,126.854982319879,37.345820981854,2020
352,경기도 안성시 공도읍(안성IC남측본선 부근),4,24,0,9,15,127.15564730498,36.990528026248,2020
353,경기도 오산시 원동(오산IC남측본선 부근),4,9,0,3,4,127.085303422716,37.14082332104,2020
354,경기도 용인시 기흥구 보라동(상갈신도시주유소앞 부근),6,10,0,0,8,127.103722781083,37.2598855218,2020
355,경기도 용인시 기흥구 공세동(만도중앙연구소앞 부근),4,28,0,6,11,127.104950486976,37.227560911608,2020
356,경기도 용인시 기흥구 보정동(평가선교원앞 부근),4,16,0,4,12,127.103981149112,37.252108220719,2020
357,경기도 용인시 기흥구 상갈동(수원IC북측본선 부근),4,11,0,3,8,127.103646325219,37.267804037128,2020
358,경기도 용인시 처인구 김량장동(용인중교앞 부근),4,6,0,2,4,127.203426329263,37.23661009598,2020
359,경기도 의왕시 내손동(계원조형예술전문대학 부근),4,6,0,1,4,126.982223181955,37.381044810271,2020
360,경기도 파주시 법원읍(현대당구클럽 부근),4,10,0,1,8,126.8729963538,37.849273524954,2020
361,경기도 평택시 월곡동(안성JC남측경부선본선 부근),6,18,0,2,11,127.141571853759,37.025335911024,2020
362,경기도 포천시 소흘읍(부인터사거리 부근),6,9,0,1,7,127.131939058842,37.8054642179,2020
363,경기도 하남시 상산곡동(천현교 부근),4,7,0,2,5,127.221668262182,37.51763877541,2020
364,경기도 화성시 향남읍(제암삼거리 부근),4,4,0,3,1,126.905223501764,37.125543812498,2020
365,경기도 화성시 동탄면(동탄4동1 부근),4,15,0,1,13,127.094514951805,37.199645207961,2020
366,경기도 화성시 팔탄면(한국도로공사 화성지사 부근),4,11,0,1,9,126.883980498802,37.118647712123,2020
367,강원도 강릉시 성산면(강릉요금소 부근),4,7,0,3,4,128.84702211428,37.746595310826,2020
368,강원도 원주시 단계동(발리이용원 부근),4,8,0,1,7,127.932338626028,37.343800435443,2020
369,강원도 철원군 갈말읍(6.25참전기념비 부근),4,10,0,1,9,127.307529435536,38.184432561115,2020
370,강원도 평창군 봉평면(국립횡성 숲체원 인근),4,14,0,1,13,128.29216451728,37.532823257988,2020
371,충청북도 진천군 문백면(백곡천교 부근),4,14,0,1,13,127.494011072554,36.837940266931,2020
372,충청남도 천안시 동남구 신부동(천안IC 부근),4,8,0,3,5,127.166947190262,36.826425578579,2020
373,전라남도 영광군 영광읍(만곡사거리 부근),4,8,0,1,7,126.458640829312,35.284861709901,2020
374,경상북도 경산시 중산동(중산삼거리 부근),4,8,0,2,6,128.722414842172,35.835032863277,2020
375,경상북도 경산시 하양읍(경동정보대2 부근),4,5,0,0,5,128.803782328093,35.900792411841,2020
376,경상북도 고령군 성산면(기족리노인회관 부근),4,19,2,8,9,128.343187595832,35.749269653073,2020
377,경상남도 거창군 거창읍(거창IC입구서측 부근),4,5,0,1,4,127.926525286014,35.676938985846,2020
378,경상남도 함안군 칠원읍(신동세창종합식품기계 부근),4,16,0,5,11,128.541280939165,35.288198494166,2020
379,제주특별자치도 서귀포시 서홍동(한남투자 부근),9,15,0,6,6,126.561279356358,33.252511138479,2020
380,제주특별자치도 제주시 일도이동(인제사거리 부근),9,15,0,4,10,126.540512194583,33.507146735734,2020
381,제주특별자치도 제주시 노형동(노형오거리 부근),8,12,0,5,6,126.479669266624,33.486029377954,2020
382,제주특별자치도 제주시 용담이동(공항입구1 부근),8,12,0,4,5,126.49658213286,33.505524302106,2020
383,제주특별자치도 제주시 연동(코레스코호텔 부근),8,10,0,2,7,126.489862154816,33.482338383111,2020
384,제주특별자치도 제주시 용담이동(먹돌새기 부근),7,14,0,5,8,126.508501928023,33.506024330559,2020
385,제주특별자치도 제주시 용담이동(용문로타리서측 부근),7,9,0,4,4,126.510770216074,33.508968264874,2020
386,제주특별자치도 제주시 이도이동(구간전사거리 부근),7,8,0,4,4,126.530358461975,33.498369619663,2020
387,제주특별자치도 제주시 이도일동(중앙로1 부근),7,10,0,2,8,126.524399427293,33.511273408942,2020
388,서울특별시 강동구 상일동(상일IC남측외곽순환선 인근),5,11,0,0,9,127.182431147081,37.542646234337,2020
389,서울특별시 서초구 원지동(양재IC2 부근),4,13,0,2,6,127.041891499994,37.461756395442,2020
390,경기도 구리시 토평동(구리TG 부근),5,6,0,1,5,127.157831768123,37.589961610441,2020
391,경기도 김포시 고촌읍(신곡리9525 부근),4,9,0,0,9,126.767781117106,37.593556541502,2020
392,경기도 남양주시 진건읍(지용교차로진관교 부근),6,15,0,3,12,127.172029255547,37.658531086242,2020
393,경기도 남양주시 와부읍(남양주TG 부근),6,23,0,0,23,127.241987745939,37.597683813658,2020
394,경기도 남양주시 평내동(샤르망메디칼프라자앞 부근),5,5,1,4,0,127.243539548612,37.653804942045,2020
395,경기도 남양주시 호평동(대성가구전시장앞 부근),5,10,0,4,6,127.243757454344,37.656374235883,2020
396,경기도 남양주시 오남읍(GS25 (오남점) 부근),5,9,0,2,7,127.212724912726,37.689453931255,2020
397,경기도 남양주시 금곡동(우리마트앞 부근),5,5,0,2,3,127.20723748882,37.63404414772,2020
398,경기도 성남시 분당구 금곡동(정자지하차도 부근),8,37,0,6,28,127.103440840923,37.360655459982,2020
399,경기도 성남시 분당구 삼평동(금토교 인근),6,10,0,1,7,127.094651521951,37.405846024975,2020
400,경기도 성남시 분당구 삼평동(판교JC남측경부선본선 부근),4,6,1,0,5,127.098092984605,37.402091825778,2020
401,경기도 성남시 분당구 궁내동(정자지하차도앞 부근),4,9,0,3,4,127.103830554937,37.366001959224,2020
402,경기도 수원시 권선구 서둔동(수원고가도로교앞 부근),4,4,0,0,4,126.995956365595,37.261373215402,2020
403,경기도 수원시 영통구 이의동(동수원IC동측본선 부근),4,5,0,2,3,127.051454350139,37.299229629245,2020
404,경기도 수원시 장안구 하광교동(동수원IC남측본선 부근),4,10,0,1,3,127.047605875911,37.301261135694,2020
405,경기도 수원시 팔달구 매산로1가(육교사거리 부근),4,16,0,2,12,126.998651372064,37.269929865372,2020
406,경기도 수원시 팔달구 매산로1가(수원역북단교차로 부근),4,4,0,1,3,127.000451604359,37.267179213351,2020
407,경기도 수원시 팔달구 매산로1가(수원역남단교차로 부근),4,4,0,0,4,127.001308044032,37.265578344566,2020
408,경기도 안산시 단원구 고잔동(중앙역사거리 부근),5,7,1,1,4,126.836897526401,37.316700280195,2020
409,경기도 안산시 단원구 초지동(화랑초교사거리 부근),5,9,0,0,8,126.817556014,37.33142696918,2020
410,경기도 안산시 상록구 부곡동(안산JC서측영동선본선 부근),4,17,0,1,12,126.854982319879,37.345820981854,2020
411,경기도 안성시 공도읍(안성JC남측경부선본선 부근),5,19,0,0,17,127.141193292238,37.026703144036,2020
412,경기도 여주시 가남읍(여주휴게소 인근),4,5,0,1,4,127.569529519873,37.239575120297,2020
413,경기도 용인시 기흥구 고매동(현대자동차앞 부근),5,15,0,1,13,127.103729294872,37.254121103107,2020
414,경기도 용인시 기흥구 보정동(평가선교원앞 부근),4,16,0,4,12,127.103981149112,37.252108220719,2020
415,경기도 용인시 기흥구 보라동(상갈신도시주유소앞 부근),4,4,0,0,2,127.10390036571,37.260215126028,2020
416,경기도 용인시 수지구 풍덕천동(소방서입구 부근),4,8,0,0,8,127.102920165834,37.326581367137,2020
417,경기도 의왕시 내손동(계원조형예술전문대학 부근),5,10,0,1,8,126.982223181955,37.381044810271,2020
418,경기도 의왕시 오전동(의왕TG 부근),4,5,0,1,4,126.984099783779,37.34782822999,2020
419,경기도 파주시 야동동(무명4거리 부근),4,5,0,1,4,126.764918982426,37.768441703123,2020
420,경기도 포천시 소흘읍(어하터널앞교차로 부근),4,7,0,1,6,127.130904878059,37.805551113994,2020
421,경기도 포천시 선단동(뼈다귀촌 부근),4,5,0,0,3,127.166594022897,37.85433740235,2020
422,경기도 하남시 상산곡동(천현교 부근),4,8,0,1,7,127.220729388851,37.517541014607,2020
423,경기도 화성시 방교동(동탄4동1 부근),4,8,0,4,3,127.094392117004,37.198593747604,2020
424,경기도 화성시 팔탄면(축사 부근),4,11,0,1,9,126.883980498802,37.118647712123,2020
425,강원도 원주시 단계동(첼로모텔 부근),5,7,0,1,6,127.931324512717,37.344146664538,2020
426,강원도 춘천시 남면(발산4터널 부근),4,15,0,0,15,127.644774460874,37.74034644983,2020
427,충청북도 진천군 진천읍(백곡천교 부근),5,19,0,1,18,127.494011072554,36.837940266931,2020
428,충청남도 논산시 가야곡면(야촌사거리 부근),4,11,0,4,7,127.154597498477,36.133022731315,2020
429,충청남도 천안시 동남구 신부동(천안IC 부근),4,6,0,3,3,127.167350019988,36.826623226182,2020
430,전라남도 영광군 군서면(만곡사거리 부근),4,8,0,2,6,126.458552637296,35.284878983179,2020
431,경상남도 창녕군 창녕읍(창녕읍술정리3151 부근),4,4,0,3,1,128.492394084121,35.540112258175,2020
432,제주특별자치도 서귀포시 서귀동(중앙로타리 부근),8,17,0,2,6,126.560985878796,33.253152015154,2020
433,제주특별자치도 제주시 일도이동(인제사거리 부근),9,15,0,4,10,126.540329289566,33.507525926781,2020
434,제주특별자치도 제주시 이도이동(제주시청서측 부근),9,10,0,4,6,126.52978109812,33.498497680425,2020
435,제주특별자치도 제주시 연동(신광사거리 부근),8,16,0,2,13,126.492259794155,33.493708464975,2020
436,제주특별자치도 제주시 연동(신제주초교입구오거리 부근),8,11,0,2,8,126.496305532875,33.483594790868,2020
437,제주특별자치도 제주시 노형동(노형파출소 부근),7,12,0,3,8,126.480100044583,33.486376553136,2020
438,제주특별자치도 제주시 이도일동(광양초등학교 부근),7,8,0,2,6,126.529736225547,33.500975790201,2020
439,제주특별자치도 제주시 연동(수미도일식집 부근),7,9,0,1,7,126.491998837877,33.487802430039,2020
440,제주특별자치도 제주시 해안동(해안육교 부근),7,8,0,1,7,126.457117357981,33.466459597833,2020
441,제주특별자치도 제주시 노형동(정존마을동측 부근),7,10,0,0,8,126.474279489308,33.482142743694,2020
442,서울특별시 강동구 상일동(상일IC남측외곽순환선 인근),5,11,0,0,9,127.182431147081,37.542646234337,2020
443,대구광역시 북구 금호동(금호JC 부근),4,14,0,2,12,128.521247812138,35.89330404045,2020
444,대구광역시 서구 상리동(서대구TG 부근),4,5,0,0,5,128.529287825874,35.881010171383,2020
445,인천광역시 부평구 일신동(천하민물장어 부근),6,8,1,2,4,126.754135611071,37.47485274396,2020
446,인천광역시 부평구 구산동(장수IC북측본선 부근),4,8,0,0,8,126.754620633437,37.467693669228,2020
447,경기도 구리시 토평동(구리TG 부근),7,10,0,0,9,127.157662206347,37.589886306609,2020
448,경기도 남양주시 진건읍(지용교차로진관교 부근),6,12,0,4,8,127.17204067244,37.658513091707,2020
449,경기도 남양주시 호평동(이마트 부근),6,11,0,4,7,127.243487535423,37.655742711258,2020
450,경기도 남양주시 삼패동(다일교회앞 부근),5,14,0,3,11,127.199392575808,37.592310120716,2020
451,경기도 남양주시 진접읍(장현사거리 부근),5,7,0,2,5,127.182661539,37.714693483618,2020
452,경기도 남양주시 호평동(호만1교 부근),5,6,0,1,5,127.248353384802,37.661792170973,2020
453,경기도 남양주시 진접읍(진접농협앞 부근),5,5,0,1,3,127.1830984953,37.718923698471,2020
454,경기도 남양주시 와부읍(남양주TG 부근),5,19,0,0,16,127.241489370439,37.59766469587,2020
455,경기도 부천시 삼정동(인천TG 부근),4,9,0,3,5,126.748150581485,37.523714660804,2020
456,경기도 성남시 분당구 궁내동(서울TG 부근),5,21,0,5,6,127.103464192719,37.364801893993,2020
457,경기도 성남시 분당구 삼평동(판교JC남측경부선본선 부근),5,8,0,2,6,127.096799838643,37.403042881325,2020
458,경기도 성남시 분당구 궁내동(불정로1 부근),4,19,0,2,15,127.103236488874,37.360862091813,2020
459,경기도 수원시 영통구 이의동(동수원IC동측본선 부근),4,5,0,2,3,127.051454350139,37.299229629245,2020
460,경기도 수원시 팔달구 매산로1가(육교사거리 부근),5,17,0,3,12,126.998651372064,37.269929865372,2020
461,경기도 수원시 팔달구 매산로1가(수원역북단교차로 부근),5,5,0,1,3,127.000947425784,37.267244402508,2020
462,경기도 안산시 단원구 고잔동(중앙역사거리 부근),6,11,1,1,8,126.836897526401,37.316700280195,2020
463,경기도 안산시 단원구 초지동(연수원사거리 부근),4,7,0,2,4,126.801002424224,37.323488365696,2020
464,경기도 안산시 단원구 초지동(화정1교사거리 부근),4,4,0,0,4,126.819403918457,37.321783875227,2020
465,경기도 안산시 상록구 양상동(안산JC서측영동선본선 부근),4,5,0,0,5,126.856469178911,37.345562272981,2020
466,경기도 안성시 원곡면(만세로1334 인근),4,8,0,0,6,127.138393896962,37.038307808659,2020
467,경기도 여주시 가남읍(여주휴게소(서창방향)전기차충전소 부근),4,5,0,1,4,127.569529519873,37.239575120297,2020
468,경기도 용인시 기흥구 상갈동(수원육교남측 부근),4,26,0,3,19,127.103942916234,37.266518737751,2020
469,경기도 용인시 기흥구 보라동(통미마을.보라1동 부근),4,17,0,3,14,127.103998762334,37.257360728216,2020
470,경기도 용인시 기흥구 보라동(민속촌삼거리 부근),4,11,0,2,8,127.104887369857,37.254773980336,2020
471,경기도 용인시 기흥구 보라동(한보라1로64번길28 부근),4,12,0,1,11,127.104857610391,37.251835321444,2020
472,경기도 의왕시 왕곡동(의왕TG 부근),4,9,0,1,7,126.985056738878,37.348229006564,2020
473,경기도 평택시 진위면(와이에이치에너지 부근),5,8,1,2,5,127.093945827539,37.129125817603,2020
474,경기도 평택시 청북읍(북평택영업소 부근),4,6,0,0,6,126.992478421043,37.066636128456,2020
475,경기도 하남시 풍산동(황산사거리 부근),5,6,0,3,3,127.186485116396,37.550408728981,2020
476,경기도 하남시 망월동(미사2동주민센터 부근),4,8,0,2,4,127.185385490149,37.566918612605,2020
477,경기도 하남시 상산곡동(천현교 부근),4,9,0,1,8,127.221668262182,37.51763877541,2020
478,경기도 화성시 남양읍(남양교차로 부근),5,7,0,1,5,126.818377031176,37.209149867473,2020
479,경기도 화성시 비봉면(양로교 부근),4,9,0,1,7,126.858325222232,37.226796964509,2020
480,강원도 원주시 단계동(서원대로184 부근),4,6,0,0,6,127.932011040778,37.343966586989,2020
481,강원도 춘천시 남면(발산4터널 부근),4,18,0,0,18,127.644099108688,37.740331052537,2020
482,충청남도 천안시 동남구 신부동(천안IC 부근),4,5,0,1,4,127.16714022794,36.826387356492,2020
483,충청남도 태안군 남면(연육교삼거리 부근),4,11,0,2,8,126.324421087864,36.597712727961,2020
484,전라북도 전주시 완산구 평화동1가(꽃밭정이네거리 부근),6,10,0,0,10,127.132858546386,35.795686184671,2020
485,경상남도 함안군 가야읍(가야읍도항리1322 부근),4,4,0,1,3,128.40315240596,35.280562641154,2020
486,제주특별자치도 서귀포시 서귀동(중앙로타리 부근),7,13,0,1,4,126.560836275675,33.253087748702,2020
487,제주특별자치도 제주시 이도이동(중앙로226 부근),11,14,0,5,9,126.53042048282,33.498600092521,2020
488,제주특별자치도 제주시 노형동(노형오거리 부근),9,12,0,3,7,126.479681826556,33.48587615686,2020
489,제주특별자치도 제주시 이도이동(광양사거리 부근),9,10,0,2,8,126.529044812369,33.500807126848,2020
490,제주특별자치도 제주시 연동(신제주초등학교입구교차로 부근),9,10,0,2,7,126.496095974651,33.483659834335,2020
491,제주특별자치도 제주시 이도이동(제주소방서앞교차로 부근),8,12,0,5,7,126.536604583636,33.491938982299,2020
492,제주특별자치도 제주시 도두이동(신광사거리 부근),8,16,0,1,15,126.491319821853,33.493078497975,2020
493,제주특별자치도 제주시 일도이동(인제사거리 부근),8,12,0,1,10,126.540300991499,33.507553667269,2020
494,제주특별자치도 제주시 노형동(노형교차로 부근),7,25,0,8,16,126.485189244189,33.464022933313,2020
495,제주특별자치도 제주시 연동(국기로8 부근),7,13,0,4,2,126.489477833137,33.481140216349,2020
496,제주특별자치도 제주시 연동(삼무공원사거리 부근),7,10,0,1,8,126.490205927862,33.489813525475,2020
497,제주특별자치도 제주시 연동(네스트빌아파트 부근),7,8,0,1,5,126.491741021132,33.487850839645,2020
498,대구광역시 서구 상리동(서대구TG 부근),4,8,0,0,8,128.529008395722,35.881418270238,2020
499,인천광역시 부평구 일신동(충성아파트 부근),5,6,0,2,4,126.754774722377,37.473814815702,2020
500,인천광역시 부평구 일신동(장수IC북측 부근),4,6,0,1,5,126.754742697519,37.468155931552,2020
501,경기도 구리시 사노동(구리TG 부근),8,15,0,0,13,127.156229324625,37.589889352612,2020
502,경기도 남양주시 진접읍(장현사거리 부근),8,15,0,3,12,127.182312328652,37.714369867077,2020
503,경기도 남양주시 삼패동(삼패사거리 부근),7,17,0,5,9,127.198278789735,37.593226654887,2020
504,경기도 남양주시 호평동(호만1교 부근),7,13,0,2,11,127.248353384802,37.661792170973,2020
505,경기도 남양주시 와부읍(월문천로28063 부근),6,21,0,0,18,127.241489370439,37.59766469587,2020
506,경기도 남양주시 진건읍(지용교차로 부근),5,9,0,2,7,127.17204071201,37.658504077802,2020
507,경기도 남양주시 다산동(부영101동앞 부근),5,7,0,1,5,127.157428873645,37.608663398198,2020
508,경기도 남양주시 와부읍(팔당IC 부근),5,16,0,0,15,127.238543515172,37.552464379528,2020
509,경기도 성남시 분당구 삼평동(판교테크노4사거리 부근),4,7,0,2,5,127.096852323977,37.403791201803,2020
510,경기도 수원시 팔달구 매산로1가(수원역광장 부근),6,6,0,1,4,127.000947425784,37.267244402508,2020
511,경기도 시흥시 대야동(시흥TG 부근),4,9,0,0,7,126.803356323237,37.451000501973,2020
512,경기도 안산시 단원구 원곡동(연수원사거리 부근),5,7,0,2,4,126.800925526793,37.323382449841,2020
513,경기도 안산시 단원구 고잔동(고잔동562 부근),4,5,0,1,4,126.833297928757,37.317914942322,2020
514,경기도 안산시 단원구 선부동(카페네스카페안산선부점 부근),4,5,0,0,5,126.811673660912,37.336521714906,2020
515,경기도 안성시 원곡면(갑부부동산 부근),4,15,0,1,12,127.137317567653,37.042846838112,2020
516,경기도 양평군 강상면(서종터널 부),4,12,0,0,12,127.386789183075,37.632541344608,2020
517,경기도 용인시 기흥구 하갈동(통미마을삼거리 부근),4,29,0,2,27,127.104527668918,37.256710785475,2020
518,경기도 용인시 기흥구 보라동(보라교사거리 부근),4,7,0,1,5,127.105034269617,37.254067774209,2020
519,경기도 용인시 기흥구 보라동(보라지구입구삼거리 부근),4,5,0,1,4,127.104857610391,37.251835321444,2020
520,경기도 용인시 기흥구 보라동(수원신갈IC진출로북측2 부근),4,11,0,0,11,127.10213440478,37.267916147513,2020
521,경기도 용인시 기흥구 상갈동(수원신갈TG 부근),4,6,0,0,6,127.102880518322,37.265439812099,2020
522,경기도 의왕시 왕곡동(의왕TG 부근),6,15,0,4,10,126.985056738878,37.348229006564,2020
523,경기도 평택시 청북읍(북평택TG 부근),4,9,0,0,7,126.991988662848,37.065858808438,2020
524,경기도 하남시 풍산동(황산교차로 부근),4,5,0,3,2,127.186914557962,37.550590139324,2020
525,경기도 하남시 신장동(신장사거리 부근),4,4,0,0,2,127.204522982351,37.538070602477,2020
526,경기도 화성시 비봉면(양노공단교차로 부근),4,7,0,0,6,126.859050414846,37.227684257224,2020
527,충청남도 당진시 송악읍(송악IC 부근),4,8,0,2,6,126.775277946621,36.931736756747,2020
528,충청남도 당진시 고대면(삼화리12485 부근),4,6,0,1,5,126.595445542479,36.970228858176,2020
529,충청남도 아산시 음봉면(산동사거리 부근),4,6,0,3,3,127.09399720221,36.829748826248,2020
530,전라북도 익산시 여산면(여산휴게소 부근),4,9,3,2,3,127.104354329989,36.048155405049,2020
531,전라북도 전주시 완산구 평화동1가(꽃밭정이네거리 부근),6,10,0,0,10,127.132858546386,35.795686184671,2020
532,전라북도 전주시 완산구 서신동(주희찬독서논술학원 부근),4,12,0,0,12,127.107086054879,35.835243348703,2020
533,경상남도 김해시 대동면(대동TG 부근),5,10,0,3,5,128.983140498137,35.2553562396,2020
534,제주특별자치도 서귀포시 서홍동(중앙로터리 부근),13,20,0,4,8,126.560836275675,33.253087748702,2020
535,제주특별자치도 서귀포시 서귀동(천지동사무소앞교차로 부근),5,7,0,0,6,126.561904745808,33.247530764034,2020
536,제주특별자치도 제주시 이도이동(제주시청종합민원실 부근),8,11,0,2,7,126.529604199675,33.499300802891,2020
537,제주특별자치도 제주시 연동(신광사거리 부근),8,17,0,1,13,126.491735832044,33.493406572456,2020
538,제주특별자치도 제주시 이도이동(제주시농협광양지점 부근),8,9,0,1,8,126.531161180645,33.497725618743,2020
539,제주특별자치도 제주시 노형동(노형오거리 부근),8,12,0,0,9,126.480321024197,33.486440602852,2020
540,제주특별자치도 제주시 연동(제원사거리 부근),7,7,0,2,4,126.490133766261,33.487684426396,2020
541,제주특별자치도 제주시 연동(신제주로터리 부근),7,13,0,1,11,126.496560798243,33.489459289715,2020
542,제주특별자치도 제주시 연동(제주시농협신제주지점 부근),7,12,0,1,10,126.490559955878,33.489915620111,2020
543,제주특별자치도 제주시 용담이동(용문로4 부근),7,12,0,1,10,126.495963196945,33.505235186256,2020
544,제주특별자치도 제주시 연동(흘천5교 부근),7,11,0,1,10,126.48657565974,33.486356625958,2020
545,제주특별자치도 제주시 연동(아이웰썬랜드 부근),7,10,0,1,7,126.489867400561,33.483740900123,2020
546,제주특별자치도 제주시 일도이동(인제사거리 부근),7,8,0,1,7,126.540354219673,33.507510787594,2020
