包厩备 睛绊俺肺55,37.479656,126.942531,2021-03-31
包厩备 包厩肺118,37.475723,126.952719,2021-03-31
包厩备 倡己措肺24,37.476233,126.958965,2021-03-31
包厩备 豪玫肺 509,37.480248,126.955849,2021-03-31
包厩备 包厩肺 285,37.49044,126.955048,2021-03-31
包厩备 抄邦肺 66,37.461381,126.91906,2021-03-31
包厩备 抄邦肺 169,37.470145,126.919915,2021-03-31
包厩备 巩己肺 76,37.477206,126.91194,2021-03-31
包厩备 炼盔肺66-1,37.483766,126.909823,2021-03-31
包厩备 巩己肺212,37.479182,126.927314,2021-03-31
包厩备 抄快辨 40,37.476145,126.917575,2021-03-31
包厩备 巢何鉴券肺 1537,37.483116,126.921431,2021-03-31
包厩备 己泅肺 117,37.490438,126.955046,2021-03-31
包厩备 巢何鉴券肺 2022,37.475967,126.97336,2021-03-31
包厩备 剧崇肺 30,37.484641,126.946785,2021-03-31
包厩备 篮玫肺 61,37.486113,126.941962,2021-03-31
包厩备 豪玫肺 580,37.476926,126.961893,2021-03-31
包厩备 抄邦肺 53,37.460484,126.919311,2021-03-31
包厩备 巩己肺 91,37.477526,126.913771,2021-03-31
包厩备 脚覆肺 114,37.471057,126.936753,2021-03-31
包厩备 脚覆肺 111,37.470727,126.936869,2021-03-31
包厩备 龋鞠肺 518,37.463919,126.931672,2021-03-31
包厩备 睛绊俺肺55,37.479656,126.942531,2021-03-31
包厩备 抄邦肺 66,37.461381,126.91906,2021-03-31
包厩备 炼盔肺 66-1,37.483766,126.909823,2021-03-31
包厩备 巩己肺 219,37.479366,126.928149,2021-03-31
包厩备 巩己肺 212,37.479182,126.927314,2021-03-31
