id,가변전광표지판명,sido,gugun,시군구코드,도로종류,도로노선명,도로노선번호,도로노선방향,위도,경도,영상표시면가로길이,영상표시면세로길이,전광판함체가로길이,전광판함체세로길이,전광판높이,설치유형코드,출력방향코드,발광패널유형코드,표출색상,표시유형코드,출력크기,year_code
0,주정차단속안내판(스마트CCTV감지기)-주차-001,서울특별시,광진구,11215,구도,아차산로,,,37.547709499999996,127.10684499999999,2240,320,,,,2,1,1,,2,1단7열,19
1,주정차단속안내판(스마트CCTV감지기)-주차-002,서울특별시,광진구,11215,구도,아차산로,,,37.543603399999995,127.1024311,2240,320,,,,2,1,1,,2,1단7열,19
2,주정차단속안내판(스마트CCTV감지기)-주차-003,서울특별시,광진구,11215,구도,능동로,,,37.552057299999994,127.08948000000001,2240,320,,,,2,1,1,,2,1단7열,19
3,주정차단속안내판-주차-004,서울특별시,광진구,11215,구도,군자로,,,37.54891343,127.0707856,2240,320,,,,2,1,1,,2,1단7열,7
4,주정차단속안내판(스마트CCTV감지기)-주차-005,서울특별시,광진구,11215,구도,광나루로,,,37.54520037,127.0879805,2240,320,,,,2,1,1,,2,1단7열,19
5,주정차단속안내판(스마트CCTV감지기)-주차-006,서울특별시,광진구,11215,구도,자양로,,,37.54601862,127.08628290000001,2240,320,,,,2,1,1,,2,1단7열,19
6,주정차단속안내판(스마트CCTV감지기)-주차-008,서울특별시,광진구,11215,구도,강변역로,,,37.53279221,127.09312209999999,2240,320,,,,2,1,1,,2,1단7열,19
7,주정차단속안내판(스마트CCTV감지기)-주차-009,서울특별시,광진구,11215,구도,강변역로4길,,,37.53512211,127.09313300000001,2240,320,,,,2,1,1,,2,1단7열,19
8,주정차단속안내판(스마트CCTV감지기)-주차-010,서울특별시,광진구,11215,구도,광나루로56길,,,37.53784631,127.0963807,2240,320,,,,2,1,1,,2,1단7열,19
9,주정차단속안내판(스마트CCTV감지기)-주차-011,서울특별시,광진구,11215,구도,강변역로,,,37.53573933,127.09455359999998,2240,320,,,,2,1,1,,2,1단7열,19
10,주정차단속안내판(스마트CCTV감지기)-주차-012,서울특별시,광진구,11215,구도,강변역로,,,37.53561794,127.09431770000002,2240,320,,,,2,1,1,,2,1단7열,19
11,주정차단속안내판(스마트CCTV감지기)-주차-013,서울특별시,광진구,11215,구도,강변역로4길,,,37.53389064,127.09229270000002,2240,320,,,,2,1,1,,2,1단7열,19
12,주정차단속안내판(스마트CCTV감지기)-주차-014,서울특별시,광진구,11215,구도,광나루로67길,,,37.538183200000006,127.0972361,2240,320,,,,2,1,1,,2,1단7열,19
13,주정차단속안내판(스마트CCTV감지기)-주차-015,서울특별시,광진구,11215,구도,구의강변로,,,37.53480717,127.09164229999999,2240,320,,,,2,1,1,,2,1단7열,19
14,주정차단속안내판(스마트CCTV감지기)-주차-016,서울특별시,광진구,11215,구도,군자로,,,37.55124574,127.0711926,2240,320,,,,2,1,1,,2,1단7열,19
15,주정차단속안내판(스마트CCTV감지기)-주차-017,서울특별시,광진구,11215,구도,능동로,,,37.55600026,127.078543,2240,320,,,,2,1,1,,2,1단7열,19
16,주정차단속안내판-주차-018,서울특별시,광진구,11215,구도,천호대로,,,37.5586434,127.0754652,2240,320,,,,2,1,1,,2,1단7열,7
17,주정차단속안내판(스마트CCTV감지기)-주차-019,서울특별시,광진구,11215,구도,능동로,,,37.54918722,127.0754525,2240,320,,,,2,1,1,,2,1단7열,19
18,주정차단속안내판(스마트CCTV감지기)-주차-020,서울특별시,광진구,11215,구도,천호대로,,,37.55465739,127.0856969,2240,320,,,,2,1,1,,2,1단7열,19
19,주정차단속안내판(스마트CCTV감지기)-주차-021,서울특별시,광진구,11215,구도,능동로,,,37.552488200000006,127.07715220000001,2240,320,,,,2,1,1,,2,1단7열,19
20,주정차단속안내판(스마트CCTV감지기)-주차-022,서울특별시,광진구,11215,구도,능동로,,,37.55073516,127.07600049999999,2240,320,,,,2,1,1,,2,1단7열,19
21,주정차단속안내판-주차-023,서울특별시,광진구,11215,구도,뚝섬로,,,37.5322381,127.07903929999999,2240,320,,,,2,1,1,,2,1단7열,10
22,주정차단속안내판(스마트CCTV감지기)-주차-024,서울특별시,광진구,11215,구도,아차산로,,,37.54098975,127.06739820000001,2240,320,,,,2,1,1,,2,1단7열,19
23,주정차단속안내판(스마트CCTV감지기)-주차-025,서울특별시,광진구,11215,구도,뚝섬로,,,37.53668214,127.0633615,2240,320,,,,2,1,1,,2,1단7열,19
24,주정차단속안내판-주차-026,서울특별시,광진구,11215,구도,능동로,,,37.56367361,127.0828553,2240,320,,,,2,1,1,,2,1단7열,10
25,주정차단속안내판(스마트CCTV감지기)-주차-027,서울특별시,광진구,11215,구도,긴고랑로,,,37.56371373,127.07825849999999,2240,320,,,,2,1,1,,2,1단7열,19
26,주정차단속안내판(스마트CCTV감지기)-주차-028,서울특별시,광진구,11215,구도,동일로,,,37.56160479,127.0747545,2240,320,,,,2,1,1,,2,1단7열,19
27,주정차단속안내판(스마트CCTV감지기)-주차-029,서울특별시,광진구,11215,구도,능동로,,,37.55867322,127.08044340000001,2240,320,,,,2,1,1,,2,1단7열,19
28,주정차단속안내판(스마트CCTV감지기)-주차-030,서울특별시,광진구,11215,구도,용마산로,,,37.5577886,127.08805,2240,320,,,,2,1,1,,2,1단7열,19
29,주정차단속안내판(스마트CCTV감지기)-주차-031,서울특별시,광진구,11215,구도,천호대로,,,37.55260782,127.0896962,2240,320,,,,2,1,1,,2,1단7열,19
30,주정차단속안내판-주차-032,서울특별시,광진구,11215,구도,아차산로,,,37.54119693,127.0677801,2240,320,,,,2,1,1,,2,1단7열,11
31,주정차단속안내판-주차-033,서울특별시,광진구,11215,구도,능동로,,,37.54104143,127.0712889,2240,320,,,,2,1,1,,2,1단7열,11
32,주정차단속안내판(스마트CCTV감지기)-주차-034,서울특별시,광진구,11215,구도,능동로,,,37.54212483,127.07143590000001,2240,320,,,,2,1,1,,2,1단7열,19
33,주정차단속안내판(스마트CCTV감지기)-주차-035,서울특별시,광진구,11215,구도,능동로,,,37.54094284,127.07091080000001,2240,320,,,,2,1,1,,2,1단7열,19
34,주정차단속안내판(스마트CCTV감지기)-주차-036,서울특별시,광진구,11215,구도,면목로,,,37.5651081,127.08069520000001,2240,320,,,,2,1,1,,2,1단7열,19
35,주정차단속안내판(스마트CCTV감지기)-주차-037,서울특별시,광진구,11215,구도,뚝섬로,,,37.53171591,127.08350940000001,2240,320,,,,2,1,1,,2,1단7열,19
36,주정차단속안내판(스마트CCTV감지기)-주차-039,서울특별시,광진구,11215,구도,자양로,,,37.53213629,127.0854774,2240,320,,,,2,1,1,,2,1단7열,19
37,주정차단속안내판(스마트CCTV감지기)-주차-040,서울특별시,광진구,11215,구도,능동로,,,37.56763901,127.08499479999999,2240,320,,,,2,1,1,,2,1단7열,19
38,주정차단속안내판(스마트CCTV감지기)-주차-041,서울특별시,광진구,11215,구도,아차산로,,,37.54234638,127.09959769999999,2240,320,,,,2,1,1,,2,1단7열,19
39,VML5000090,서울특별시,강남구,11680,3,올림픽대로,,,37.52912,127.02238,9000,1800,,,,2,2,1,적색+녹색+황색+흰색,2,3단 15열,16
40,VMK1000020,서울특별시,용산구,11170,3,강변북로,,,37.516729999999995,126.91556000000001,9000,1800,,,,2,2,1,적색+녹색+황색+흰색,2,3단 15열,10
41,VMQ5000010,서울특별시,광명시,41210,3,도로명없음,,,37.44574,126.89583,4080,2880,,,,2,2,1,적색+녹색+황색+파랑+핑크+하늘색+흰색,1,12단 17열,16
42,VML5000020,서울특별시,금천구,11545,3,올림픽대로,,,37.580420000000004,126.82901000000001,3840,2880,,,,3,2,1,적색+녹색+황색+파랑+핑크+하늘색+흰색,1,12단 16열,13
43,VMK1000090,서울특별시,광진구,11215,3,강변북로,,,37.53158,127.06686,9000,1800,,,,2,2,1,적색+녹색+황색+흰색,2,3단 15열,12
44,VMA9000370,서울특별시,광진구,11215,3,능동로,,,37.54397,127.07243999999999,3200,320,,,,3,2,1,적색+녹색+황색+흰색,2,1단 10열,3
45,VMO9000230,서울특별시,서초구,11650,1,경부고속도로,,,37.50633,127.01746000000001,6000,1800,,,,3,2,1,적색+녹색+황색+파랑+핑크+하늘색+흰색,2,3단 10열,17
46,VMO9000240,서울특별시,강남구,11680,3,강남대로,,,37.5124,127.02093,6000,1800,,,,3,2,1,적색+녹색+황색+파랑+핑크+하늘색+흰색,2,3단 10열,17
47,VMO9000250,서울특별시,강남구,11680,3,도산대로,,,37.51727,127.02193999999999,6000,1800,,,,3,2,1,적색+녹색+황색+흰색,2,3단 10열,17
48,VMO9000260,서울특별시,강남구,11680,3,압구정로,,,37.52557,127.02512,6000,1800,,,,3,2,1,적색+녹색+황색+흰색,2,3단 10열,16
49,VMO9000330,서울특별시,강남구,11680,3,테헤란로,,,37.513000000000005,127.06695,6000,1800,,,,3,2,1,적색+녹색+황색+흰색,2,3단 10열,16
50,VMO9000340,서울특별시,송파구,11710,3,올림픽로,,,37.51188,127.08148,6000,1800,,,,3,2,1,적색+녹색+황색+파랑+핑크+하늘색+흰색,2,3단 10열,18
51,VMO9000360,서울특별시,송파구,11710,3,올림픽로,,,37.51661,127.09971999999999,6000,1800,,,,3,2,1,적색+녹색+황색+파랑+핑크+하늘색+흰색,2,3단 10열,18
52,VMO9000370,서울특별시,송파구,11710,3,올림픽로,,,37.51505,127.10507,6000,1800,,,,3,2,1,적색+녹색+황색+파랑+핑크+하늘색+흰색,2,3단 10열,18
53,VMA9000430,서울특별시,광진구,11215,3,구의로,,,37.53767,127.08811999999999,3200,320,,,,3,2,1,적색+녹색+황색+흰색,2,1단 10열,3
54,VMNN500120,서울특별시,동작구,11590,3,남부순환로,,,37.47612,126.97402,3840,2880,,,,3,2,1,적색+녹색+황색+파랑+핑크+하늘색+흰색,1,12단 16열,12
55,VMBB100150,서울특별시,서초구,11650,3,반포대로,,,37.507220000000004,126.99983,7680,2880,,,,2,2,1,적색+녹색+황색+파랑+핑크+하늘색+흰색,1,12단 32열,12
56,VMBB100140,서울특별시,서초구,11650,3,반포대로,,,37.49726,127.00481,3840,2880,,,,2,2,1,적색+녹색+황색+파랑+핑크+하늘색+흰색,1,12단 16열,12
57,VMK6000010,서울특별시,광진구,11215,3,강변북로,,,37.52877,127.08918999999999,1800,300,,,,1,2,1,적색+녹색+황색,2,6단 1열,6
58,VML1000020,서울특별시,영등포구,11560,3,올림픽대로,,,37.54067,126.89785,9000,1800,,,,2,2,1,적색+녹색+황색+흰색,2,3단 15열,16
59,VML1000060,서울특별시,서초구,11650,3,올림픽대로,,,37.51724,127.0088,6000,1800,,,,3,2,1,적색+녹색+황색+흰색,2,3단 10열,16
60,VMA9000720,서울특별시,성북구,11290,3,한천로,,,37.61456,127.05885,6000,1800,,,,3,2,1,적색+녹색+황색+흰색,2,3단 10열,18
61,VMA9000740,서울특별시,중랑구,11260,3,동일로,,,37.60033,127.0796,6000,1800,,,,3,2,1,적색+녹색+황색+흰색,2,3단 10열,18
62,VMA9000820,서울특별시,광진구,11215,3,구의로,,,37.54148,127.06558999999999,6000,1800,,,,3,2,1,적색+녹색+황색+흰색,2,3단 10열,18
63,VMA9000830,서울특별시,광진구,11215,3,구의로,,,37.53848,127.07588,6000,1800,,,,3,2,1,적색+녹색+황색+흰색,2,3단 10열,17
64,VMD1000050,서울특별시,노원구,11350,3,동부간선로,,,37.64208,127.056,9000,1800,,,,2,2,1,적색+녹색+황색+흰색,2,3단 15열,18
65,VMA9000010,서울특별시,성동구,11200,3,청계천로,,,37.57055,127.02632,6000,1800,,,,3,2,1,적색+녹색+황색+파랑+핑크+하늘색+흰색,2,3단 10열,17
66,VMA9000050,서울특별시,성북구,11290,3,화랑로,,,37.604240000000004,127.0442,6000,1200,,,,3,2,1,적색+녹색+황색+흰색,2,2단 10열,16
67,VMA9000090,서울특별시,은평구,11380,3,통일로,,,37.59903,126.93693,6000,1200,,,,3,2,1,적색+녹색+황색+흰색,2,2단 10열,16
68,VMA9000130,서울특별시,마포구,11440,3,성산로,,,37.56576,126.91398000000001,6000,1200,,,,3,2,1,적색+녹색+황색+흰색,2,2단 10열,16
69,VMA9000170,서울특별시,영등포구,11560,3,서부간선,,,37.539609999999996,126.88968,4080,2880,,,,3,2,1,적색+녹색+황색+파랑+핑크+하늘색+흰색,1,12단 17열,17
70,VMA9000200,서울특별시,영등포구,11560,3,국회대로,,,37.52512,126.90771000000001,6000,1200,,,,3,2,1,적색+녹색+황색+흰색,2,2단 10열,16
71,VMA9000240,서울특별시,동작구,11590,3,관악로,,,37.504670000000004,126.95016000000001,6000,1800,,,,3,2,1,적색+녹색+황색+파랑+핑크+하늘색+흰색,2,3단 10열,17
72,VMA9000280,서울특별시,용산구,11170,3,서빙고로,,,37.52659,127.00388000000001,6000,1200,,,,3,2,1,적색+녹색+황색+흰색,2,2단 10열,16
73,VMA9000330,서울특별시,은평구,11380,3,증산로,,,37.58318,126.90881,6000,1200,,,,3,2,1,적색+녹색+황색+파랑+핑크+하늘색+흰색,2,2단 10열,18
74,VML5000130,서울특별시,송파구,11710,3,올림픽대로,,,37.53219,127.11023,9000,1800,,,,2,2,1,적색+녹색+황색+흰색,2,3단 15열,14
75,VMGE500130,서울특별시,서초구,11650,3,헌릉로,,,37.46138,127.08371000000001,3840,2880,,,,3,2,1,적색+녹색+황색+파랑+핑크+하늘색+흰색,1,12단 16열,12
76,VMR7000020,서울특별시,마포구,11440,3,내부순환,,,37.56496,126.90918,1800,300,,,,1,2,1,적색+녹색+황색+파랑+핑크+하늘색+흰색,2,6단 1열,10
77,VRL3000010,서울특별시,영등포구,11560,3,도로명없음,,,37.533879999999996,126.91327,1280,320,,,,3,2,1,적색+녹색+황색+흰색,2,2단 8열,17
78,VMD5000050,서울특별시,노원구,11350,3,동부간선로,,,37.6269,127.06783999999999,9000,1800,,,,2,2,1,적색+녹색+황색+흰색,2,3단 15열,17
79,VMD5000060,서울특별시,중랑구,11260,3,동부간선로,,,37.5761,127.07896000000001,9000,1800,,,,2,2,1,적색+녹색+황색+흰색,2,3단 15열,17
80,VMD5000010,서울특별시,성동구,11200,3,동부간선로,,,37.54719,127.03563999999999,9000,1800,,,,2,2,1,적색+녹색+황색+흰색,2,3단 15열,14
81,VMK1000100,서울특별시,성동구,11200,3,강변북로,,,37.54268,127.03008,2880,1680,,,,3,2,1,적색+녹색+황색+흰색,2,7단 12열,15
82,VMK5000080,서울특별시,광진구,11215,3,강변북로,,,37.54031,127.10337,9000,1200,,,,2,2,1,적색+녹색+황색+흰색,2,2단 15열,15
83,VMA9000760,서울특별시,중랑구,11260,3,동일로,,,37.5875,127.08008000000001,6000,1800,,,,3,2,1,적색+녹색+황색+흰색,2,3단 10열,17
84,VMA9000810,서울특별시,성동구,11200,3,천호대로,,,37.56192,127.06013999999999,6000,1800,,,,3,2,1,적색+녹색+황색+흰색,2,3단 10열,18
85,VMD1000030,서울특별시,도봉구,11320,3,동부간선로,,,37.67112,127.04965,9000,1800,,,,2,2,1,적색+녹색+황색+흰색,2,3단 15열,18
86,VMD1000070,서울특별시,동대문구,11230,3,동부간선로,,,37.5841,127.07351000000001,9000,1800,,,,2,2,1,적색+녹색+황색+흰색,2,3단 15열,18
87,VMA9000030,서울특별시,성동구,11200,3,고산자로,,,37.567890000000006,127.03715,6000,1800,,,,3,2,1,적색+녹색+황색+흰색,2,3단 10열,13
88,VMA9000070,서울특별시,강북구,11305,3,도봉로,,,37.614670000000004,127.02986000000001,6000,1800,,,,3,2,1,적색+녹색+황색+파랑+핑크+하늘색+흰색,2,3단 10열,17
89,VMA9000110,서울특별시,종로구,11110,3,통일로,,,37.57819,126.95438,6000,1200,,,,3,2,1,적색+녹색+황색+파랑+핑크+하늘색+흰색,2,2단 10열,17
90,VMA9000160,서울특별시,마포구,11440,3,양화로,,,37.55146,126.91635,6000,1800,,,,3,2,1,적색+녹색+황색+흰색,2,3단 10열,10
91,VMO9000220,서울특별시,서초구,11650,3,잠원로,,,37.51781,127.01135,6000,1800,,,,3,2,1,적색+녹색+황색+흰색,2,3단 10열,17
92,VMO9000380,서울특별시,송파구,11710,3,올림픽로,,,37.52244,127.11594,6000,1800,,,,3,2,1,적색+녹색+황색+파랑+핑크+하늘색+흰색,2,3단 10열,18
93,VMA9000560,서울특별시,노원구,11350,3,동일로,,,37.681509999999996,127.05527,6000,1800,,,,3,2,1,적색+녹색+황색+흰색,2,3단 10열,18
94,VMA9000570,서울특별시,도봉구,11320,3,방학로,,,37.67961,127.04873,6000,1800,,,,3,2,1,적색+녹색+황색+흰색,2,3단 10열,17
95,VMA9000580,서울특별시,노원구,11350,3,방학로,,,37.661159999999995,127.05973999999999,6000,1800,,,,3,2,1,적색+녹색+황색+흰색,2,3단 10열,17
96,VMA9000590,서울특별시,노원구,11350,3,동일로,,,37.66326,127.05803999999999,6000,1800,,,,3,2,1,적색+녹색+황색+흰색,2,3단 10열,18
97,VMA9000600,서울특별시,도봉구,11320,3,방학로,,,37.662440000000004,127.04763,6000,1800,,,,3,2,1,적색+녹색+황색+흰색,2,3단 10열,18
98,VMA9000610,서울특별시,도봉구,11320,3,도봉로,,,37.66859,127.04328999999998,6000,1800,,,,3,2,1,적색+녹색+황색+흰색,2,3단 10열,18
99,VMA9000620,서울특별시,도봉구,11320,3,마들로,,,37.66787,127.04597,6000,1800,,,,3,2,1,적색+녹색+황색+흰색,2,3단 10열,18
100,VMA9000630,서울특별시,노원구,11350,3,동일로,,,37.65087,127.06166,6000,1800,,,,3,2,1,적색+녹색+황색+흰색,2,3단 10열,17
101,VMA9000640,서울특별시,노원구,11350,3,노해로,,,37.65535,127.06495,6000,1800,,,,3,2,1,적색+녹색+황색+흰색,2,3단 10열,18
102,VMA9000650,서울특별시,도봉구,11320,3,노해로,,,37.65126,127.04383999999999,6000,1800,,,,3,2,1,적색+녹색+황색+흰색,2,3단 10열,18
103,VMA9000660,서울특별시,노원구,11350,3,덕릉로,,,37.648559999999996,127.06873999999999,6000,1800,,,,3,2,1,적색+녹색+황색+흰색,2,3단 10열,18
104,VMA9000670,서울특별시,노원구,11350,3,동일로,,,37.64829,127.06236000000001,6000,1800,,,,3,2,1,적색+녹색+황색+흰색,2,3단 10열,18
105,VMA9000680,서울특별시,도봉구,11320,3,덕릉로,,,37.64517,127.04781000000001,6000,1800,,,,3,2,1,적색+녹색+황색+흰색,2,3단 10열,17
106,VMS1000010,서울특별시,영등포구,11560,3,서부간선,,,37.53638,126.89112,3840,2880,,,,3,2,1,적색+녹색+황색+파랑+핑크+하늘색+흰색,1,12단 16열,12
107,VMS5000020,서울특별시,구로구,11530,3,서부간선,,,37.48084,126.87534,3840,2880,,,,3,2,1,적색+녹색+황색+파랑+핑크+하늘색+흰색,1,12단 16열,12
108,VMNN500030,서울특별시,관악구,11620,3,남부순환로,,,37.47933,126.90076,3840,2880,,,,3,2,1,적색+녹색+황색+파랑+핑크+하늘색+흰색,1,12단 16열,12
109,VMGG100040,서울특별시,서초구,11650,3,강남대로,,,37.52345,127.01668000000001,3840,2880,,,,3,2,1,적색+녹색+황색+파랑+핑크+하늘색+흰색,1,12단 16열,12
110,VMGG500050,서울특별시,강남구,11680,3,강남대로,,,37.50027,127.02649,3840,2880,,,,3,2,1,적색+녹색+황색+파랑+핑크+하늘색+흰색,1,12단 16열,12
111,VMGG100060,서울특별시,서초구,11650,3,강남대로,,,37.49215,127.03036999999999,3840,2880,,,,3,2,1,적색+녹색+황색+파랑+핑크+하늘색+흰색,1,12단 16열,12
112,VMR7000010,서울특별시,서대문구,11410,3,내부순환,,,37.594809999999995,126.94769,1800,300,,,,1,2,1,적색+녹색+황색+파랑+핑크+하늘색+흰색,2,6단 1열,10
113,VMD5000090,서울특별시,강남구,11680,3,분당수서로,,,37.501490000000004,127.07321,2400,2160,,,,2,2,1,적색+녹색+황색+흰색,1,9단 10열,6
114,VMD5000100,서울특별시,송파구,11710,3,분당수서로,,,37.47412,127.12087,9000,1800,,,,2,2,1,적색+녹색+황색+흰색,2,3단 15열,17
115,VMF1000010,서울특별시,서초구,11650,1,경부고속도로,,,37.49555,127.02139,9000,1800,,,,2,2,1,적색+녹색+황색+흰색,2,3단 15열,18
116,VMK1000030,서울특별시,용산구,11170,3,강변북로,,,37.53298,126.94885,6000,1800,,,,3,2,1,적색+녹색+황색+흰색,2,3단 10열,10
117,VMF5000010,서울특별시,서초구,11650,1,경부고속도로,,,37.47081,127.03313999999999,9000,1800,,,,2,2,1,적색+녹색+황색+흰색,2,3단 15열,18
118,VMF5000020,서울특별시,서초구,11650,1,경부고속도로,,,37.50371,127.01843999999998,2400,2160,,,,3,2,1,적색+녹색+황색+흰색,1,9단 10열,6
119,VMK1000040,서울특별시,마포구,11440,3,강변북로,,,37.54469,126.92596,6000,1800,,,,3,2,1,적색+녹색+황색+흰색,2,3단 10열,10
120,VML5000050,서울특별시,영등포구,11560,3,올림픽대로,,,37.5408,126.89714,9000,1800,,,,2,2,1,적색+녹색+황색+흰색,2,3단 15열,14
121,VML5000060,서울특별시,영등포구,11560,3,올림픽대로,,,37.51753,126.91925,6000,1800,,,,3,2,1,적색+녹색+황색+흰색,2,3단 10열,16
122,VML5000080,서울특별시,서초구,11650,3,올림픽대로,,,37.51589,127.00771999999999,9000,1800,,,,2,2,1,적색+녹색+황색+흰색,2,3단 15열,14
123,VMK5000130,서울특별시,성동구,11200,3,강변북로,,,37.53877,127.04025,7680,2880,,,,2,2,1,적색+녹색+황색+파랑+핑크+하늘색+흰색,1,12단 32열,15
124,VML5000120,서울특별시,송파구,11710,3,올림픽대로,,,37.5255,127.10513999999999,9000,1800,,,,2,2,1,적색+녹색+황색+흰색,2,3단 15열,15
125,VMM1000010,서울특별시,성동구,11200,3,뚝섬로,,,37.54804,127.01588000000001,6000,1800,,,,3,2,1,적색+녹색+황색+파랑+핑크+하늘색+흰색,2,3단 10열,18
126,VMR6000040,서울특별시,서대문구,11410,3,내부순환,,,37.58952,126.93778,1800,300,,,,1,2,1,적색+녹색+황색+파랑+핑크+하늘색+흰색,2,6단 1열,10
127,VML5000070,서울특별시,서초구,11650,3,올림픽대로,,,37.50609,126.99014,3840,2880,,,,3,2,1,적색+녹색+황색+파랑+핑크+하늘색+흰색,1,12단 16열,13
128,VMQ1000010,서울특별시,강남구,11680,3,양재대로,,,37.47719,127.0609,4080,2880,,,,3,2,1,적색+녹색+황색+파랑+핑크+하늘색+흰색,1,12단 17열,16
129,VMA9000500,서울특별시,노원구,11350,3,동일로,,,37.62245,127.07393,6000,1800,,,,3,2,1,적색+녹색+황색+파랑+핑크+하늘색+흰색,2,3단 10열,12
130,VMD1000090,서울특별시,강남구,11680,3,분당수서로,,,37.50691,127.06818999999999,9000,1800,,,,2,2,1,적색+녹색+황색+흰색,2,3단 15열,17
131,VMK1000070,서울특별시,광진구,11215,3,강변북로,,,37.55216,127.11203,9000,1200,,,,2,2,1,적색+녹색+황색+흰색,2,2단 15열,15
132,VMK5000070,서울특별시,광진구,11215,3,강변북로,,,37.529759999999996,127.07285,9000,1800,,,,2,2,1,적색+녹색+황색+흰색,2,3단 15열,12
133,VMA9000190,서울특별시,영등포구,11560,3,선유로,,,37.534,126.89647,6000,1800,,,,3,2,1,적색+녹색+황색+파랑+핑크+하늘색+흰색,2,3단 10열,17
134,VMA9000230,서울특별시,동작구,11590,3,여의대방로,,,37.50821,126.92376000000002,6000,1800,,,,3,2,1,적색+녹색+황색+파랑+핑크+하늘색+흰색,2,3단 10열,17
135,VMA9000270,서울특별시,서초구,11650,3,반포대로,,,37.4964,127.00561,6000,1800,,,,3,2,1,적색+녹색+황색+흰색,2,3단 10열,16
136,VMA9000360,서울특별시,성동구,11200,3,동일로,,,37.54605,127.06608,6000,1200,,,,3,2,1,적색+녹색+황색+파랑+핑크+하늘색+흰색,2,2단 10열,18
137,VML5000030,서울특별시,강서구,11500,3,올림픽대로,,,37.56149,126.86549,6000,1800,,,,3,2,1,적색+녹색+황색+흰색,2,3단 10열,16
138,VMO9000270,서울특별시,강남구,11680,3,압구정로,,,37.52449,127.02343,6000,1800,,,,3,2,1,적색+녹색+황색+흰색,2,3단 10열,17
139,VMO9000280,서울특별시,강남구,11680,3,논현로,,,37.52476,127.02856000000001,6000,1800,,,,3,2,1,적색+녹색+황색+흰색,2,3단 10열,17
140,VMO9000290,서울특별시,강남구,11680,3,압구정로,,,37.52854,127.0381,6000,1800,,,,3,2,1,적색+녹색+황색+파랑+핑크+하늘색+흰색,2,3단 10열,18
141,VMO9000300,서울특별시,강남구,11680,3,도산대로,,,37.52413,127.04836999999999,6000,1800,,,,3,2,1,적색+녹색+황색+파랑+핑크+하늘색+흰색,2,3단 10열,18
142,VMTS500160,서울특별시,용산구,11170,3,서빙고로,,,37.52183,126.9757,3840,2880,,,,3,2,1,적색+녹색+황색+파랑+핑크+하늘색+흰색,1,12단 16열,12
143,VMTT100170,서울특별시,성동구,11200,3,뚝섬로,,,37.53973,127.05197,3840,2880,,,,3,2,1,적색+녹색+황색+파랑+핑크+하늘색+흰색,1,12단 16열,12
144,VMHH100190,서울특별시,성북구,11290,3,화랑로,,,37.602990000000005,127.03456000000001,3840,2880,,,,3,2,1,적색+녹색+황색+파랑+핑크+하늘색+흰색,1,12단 16열,12
145,VMA9000520,서울특별시,노원구,11350,3,화랑로,,,37.61971,127.08299,3840,2880,,,,3,2,1,적색+녹색+황색+파랑+핑크+하늘색+흰색,1,12단 16열,12
146,VMD5000080,서울특별시,강남구,11680,3,분당수서로,,,37.51543,127.06693999999999,9000,1800,,,,2,2,1,적색+녹색+황색+흰색,2,3단 15열,18
147,VMA9000540,서울특별시,노원구,11350,3,화랑로,,,37.62425,127.09128,6000,1800,,,,3,2,1,적색+녹색+황색+파랑+핑크+하늘색+흰색,2,3단 10열,12
148,VML1000120,서울특별시,송파구,11710,3,올림픽대로,,,37.53801,127.11426999999999,7680,2880,,,,2,2,1,적색+녹색+황색+파랑+핑크+하늘색+흰색,1,12단 32열,15
149,VMT5000060,서울특별시,중구,11140,3,한남대로,,,37.562490000000004,126.98065,3360,2400,,,,3,2,1,적색+녹색+황색+흰색,2,10단 14열,9
150,VMT5000080,서울특별시,중구,11140,3,한남대로,,,37.55805,126.97796000000001,6000,1200,,,,3,2,1,적색+녹색+황색+흰색,2,2단 10열,9
151,VMT1000040,서울특별시,용산구,11170,3,이태원로,,,37.534440000000004,126.99266000000001,6000,1200,,,,1,2,1,적색+녹색+황색+흰색,2,2단 10열,9
152,VMT1000050,서울특별시,용산구,11170,3,녹사평대로,,,37.528490000000005,126.9916,6000,1200,,,,3,2,1,적색+녹색+황색+흰색,2,2단 10열,9
153,VMGG500020,서울특별시,강서구,11500,3,공항대로,,,37.53638,126.89112,6000,1800,,,,3,2,1,적색+녹색+황색+파랑+핑크+하늘색+흰색,1,3단 10열,18
154,VMSS100240,서울특별시,중랑구,11260,3,사가정로,,,37.58313,127.07965,3840,2880,,,,3,2,1,적색+녹색+황색+파랑+핑크+하늘색+흰색,1,12단 16열,13
155,VMSS100250,서울특별시,중랑구,11260,3,화랑로,,,37.58105,127.08582,3840,2880,,,,3,2,1,적색+녹색+황색+파랑+핑크+하늘색+흰색,1,12단 16열,13
156,VMSS100230,서울특별시,중랑구,11260,3,동일로,,,37.57613,127.0799,3840,2880,,,,3,2,1,적색+녹색+황색+파랑+핑크+하늘색+흰색,1,12단 16열,13
157,VML1000140,서울특별시,강동구,11740,3,올림픽대로,,,37.56837,127.15378999999999,3600,3600,,,,3,2,1,적색+녹색+황색+파랑+핑크+하늘색+흰색,1,15단 15열,16
158,VMA9000350,서울특별시,성동구,11200,3,왕십리로,,,37.54735,127.04449,3200,320,,,,3,2,1,적색+녹색+황색+흰색,2,1단 10열,3
159,VMA9000390,서울특별시,광진구,11215,3,광나루로,,,37.54473,127.08937,6000,1200,,,,3,2,1,적색+녹색+황색+파랑+핑크+하늘색+흰색,2,2단 10열,18
160,VMA9000420,서울특별시,광진구,11215,3,광나루로56길,,,37.53863,127.09794,3200,320,,,,3,2,1,적색+녹색+황색+흰색,2,1단 10열,3
161,VMN1000030,서울특별시,동작구,11590,3,노들로,,,37.51494,126.95213999999999,6000,1800,,,,3,2,1,적색+녹색+황색+파랑+핑크+하늘색+흰색,2,3단 10열,17
162,VMN5000020,서울특별시,영등포구,11560,3,노들로,,,37.51705,126.91908000000001,6000,1800,,,,3,2,1,적색+녹색+황색+파랑+핑크+하늘색+흰색,2,3단 10열,17
163,VMO9000040,서울특별시,강서구,11500,3,강서로,,,37.550129999999996,126.83633,6000,1800,,,,3,2,1,적색+녹색+황색+흰색,2,3단 10열,16
164,VMO9000060,서울특별시,강서구,11500,3,양천로,,,37.55451,126.86633,6000,1800,,,,3,2,1,적색+녹색+황색+흰색,2,3단 10열,16
165,VMO9000080,서울특별시,영등포구,11560,3,영등포로,,,37.51903,126.90874,6000,1800,,,,3,2,1,적색+녹색+황색+흰색,2,3단 10열,16
166,VMO9000100,서울특별시,영등포구,11560,3,여의서로,,,37.53054,126.92638000000001,6000,1800,,,,3,2,1,적색+녹색+황색+흰색,2,3단 10열,16
167,VMO9000120,서울특별시,영등포구,11560,3,여의동로,,,37.52044,126.94091999999999,6000,1800,,,,3,2,1,적색+녹색+황색+흰색,2,3단 10열,16
168,VMO9000140,서울특별시,동작구,11590,3,현충로,,,37.51042,126.96243999999999,6000,1800,,,,3,2,1,적색+녹색+황색+흰색,2,3단 10열,16
169,VMO9000160,서울특별시,서초구,11650,3,신반포로,,,37.50273,126.99316,6000,1800,,,,3,2,1,적색+녹색+황색+흰색,2,3단 10열,16
170,VMO9000170,서울특별시,서초구,11650,3,신반포로,,,37.50281,126.99431000000001,6000,1800,,,,3,2,1,적색+녹색+황색+흰색,2,3단 10열,17
171,VMO9000180,서울특별시,서초구,11650,3,사평대로,,,37.498259999999995,126.99413,6000,1800,,,,3,2,1,적색+녹색+황색+흰색,2,3단 10열,17
172,VMO9000190,서울특별시,서초구,11650,3,사평대로,,,37.49868,126.99458,6000,1800,,,,3,2,1,적색+녹색+황색+흰색,2,3단 10열,17
173,VMO9000200,서울특별시,서초구,11650,3,사평대로,,,37.50497,127.01248000000001,6000,1800,,,,3,2,1,적색+녹색+황색+흰색,2,3단 10열,17
174,VMO9000210,서울특별시,서초구,11650,3,신반포로,,,37.50673,127.00639,6000,1800,,,,3,2,1,적색+녹색+황색+흰색,2,3단 10열,17
175,VMGG500070,서울특별시,서초구,11650,3,강남대로,,,37.48145,127.03718,3840,2880,,,,3,2,1,적색+녹색+황색+파랑+핑크+하늘색+흰색,1,12단 16열,12
176,VMGG100080,서울특별시,서초구,11650,3,강남대로,,,37.47885,127.0385,3840,2880,,,,3,2,1,적색+녹색+황색+파랑+핑크+하늘색+흰색,1,12단 16열,12
177,VMD5000020,서울특별시,성동구,11200,3,동부간선로,,,37.60293,127.07368999999998,9000,1800,,,,2,2,1,적색+녹색+황색+흰색,2,3단 15열,17
178,VMK5000050,서울특별시,용산구,11170,3,강변북로,,,37.53772,127.01683999999999,9000,1200,,,,2,2,1,적색+녹색+황색+흰색,2,2단 15열,15
179,VMA9000860,서울특별시,송파구,11710,3,남부순환로,,,37.4946,127.10443000000001,6000,1800,,,,3,2,1,적색+녹색+황색+흰색,2,3단 10열,17
180,VMA9000220,서울특별시,마포구,11440,3,마포대로,,,37.54034,126.94673,6000,1800,,,,3,2,1,적색+녹색+황색+흰색,2,3단 10열,16
181,VMA9000260,서울특별시,용산구,11170,3,원효로,,,37.53982,126.96843999999999,6000,1200,,,,3,2,1,적색+녹색+황색+파랑+핑크+하늘색+흰색,2,2단 10열,17
182,VMA9000310,서울특별시,강남구,11680,3,영동대로,,,37.50472,127.06566000000001,3360,2400,,,,3,2,1,적색+녹색+황색+흰색,2,10단 14열,10
183,VMA9000490,서울특별시,중랑구,11260,3,동일로,,,37.6139,127.07701000000002,6000,1800,,,,3,2,1,적색+녹색+황색+파랑+핑크+하늘색+흰색,2,3단 10열,12
184,VMGE500140,서울특별시,송파구,11710,3,위례중앙로,,,37.474621,127.13524299999999,4080,2880,,,,3,2,1,적색+녹색+황색+파랑+핑크+하늘색+흰색,1,12단 17열,17
185,VMA9000150,서울특별시,성북구,11290,3,정릉로,,,37.61014,126.99537,6000,1800,,,,3,2,1,적색+녹색+황색+파랑+핑크+하늘색+흰색,2,3단 10열,18
186,VMBN100090,서울특별시,용산구,11170,3,반포대로,,,37.53767,126.98657,3840,2880,,,,3,2,1,적색+녹색+황색+파랑+핑크+하늘색+흰색,1,12단 16열,12
187,VMDD100100,서울특별시,서초구,11650,3,동작대로,,,37.494479999999996,126.98276000000001,3840,2880,,,,3,2,1,적색+녹색+황색+파랑+핑크+하늘색+흰색,1,12단 16열,12
188,VMD5000030,서울특별시,강남구,11680,3,분당수서로,,,37.49672,127.08981000000001,9000,1800,,,,2,2,1,적색+녹색+황색+흰색,2,3단 15열,17
189,VMK1000110,서울특별시,성동구,11200,3,강변북로,,,37.53679,127.04799999999999,9000,1800,,,,2,2,1,적색+녹색+황색+흰색,2,3단 15열,14
190,VMK7000010,서울특별시,광진구,11215,3,강변북로,,,37.52875,127.08915,1800,300,,,,1,2,1,적색+녹색+황색+흰색,2,6단 1열,6
191,VML1000030,서울특별시,영등포구,11560,3,올림픽대로,,,37.51549,126.9328,9000,1800,,,,2,2,1,적색+녹색+황색+흰색,2,3단 15열,15
192,VML1000080,서울특별시,강남구,11680,3,올림픽대로,,,37.52373,127.05938,6000,1800,,,,3,2,1,적색+녹색+황색+흰색,2,3단 10열,16
193,VMA9000730,서울특별시,성북구,11290,3,화랑로,,,37.611909999999995,127.05937,6000,1800,,,,3,2,1,적색+녹색+황색+흰색,2,3단 10열,18
194,VMA9000900,서울특별시,강남구,11680,3,헌릉로,,,37.46586,127.11695,6000,1800,,,,3,2,1,적색+녹색+황색+흰색,2,3단 10열,17
195,VMB1000020,서울특별시,노원구,11350,3,북부간선,,,37.616659999999996,127.0979,6000,1800,,,,2,2,1,적색+녹색+황색+흰색,2,3단 10열,15
196,VMB5000010,서울특별시,성북구,11290,3,북부간선,,,37.609590000000004,127.05469,6000,1800,,,,2,2,1,적색+녹색+황색+흰색,2,3단 10열,15
197,VMB6000010,서울특별시,성북구,11290,3,북부간선,,,37.6048,127.04581,2560,320,,,,2,2,1,적색+녹색+황색+흰색,2,1단 8열,6
198,VMD1000020,서울특별시,노원구,11350,3,동부간선로,,,37.62827,127.06455,9000,1800,,,,2,2,1,적색+녹색+황색+흰색,2,3단 15열,17
199,VMR0000020,서울특별시,성북구,11290,3,내부순환,,,37.60346,127.01468999999999,1800,300,,,,1,2,1,적색+녹색+황색+흰색,2,6단 1열,10
200,VMR1000010,서울특별시,서대문구,11410,3,내부순환,,,37.577909999999996,126.93113999999998,6000,1800,,,,1,2,1,적색+녹색+황색+흰색,2,3단 10열,10
201,VMR1000020,서울특별시,서대문구,11410,3,내부순환,,,37.59579,126.95638999999998,9000,1800,,,,2,2,1,적색+녹색+황색+흰색,2,3단 15열,10
202,VMR1000030,서울특별시,성북구,11290,3,내부순환,,,37.605779999999996,127.00882,9000,1800,,,,2,2,1,적색+녹색+황색+흰색,2,3단 15열,10
203,VMR1000040,서울특별시,동대문구,11230,3,내부순환,,,37.59062,127.03845,6000,1800,,,,1,2,1,적색+녹색+황색+흰색,2,3단 10열,10
204,VMR2000010,서울특별시,마포구,11440,3,내부순환,,,37.56154,126.8995,1800,300,,,,1,2,1,적색+녹색+황색+파랑+핑크+하늘색+흰색,2,6단 1열,10
205,VMR2000020,서울특별시,서대문구,11410,3,내부순환,,,37.570190000000004,126.92015,1800,300,,,,1,2,1,적색+녹색+황색+파랑+핑크+하늘색+흰색,2,6단 1열,10
206,VMR2000030,서울특별시,서대문구,11410,3,내부순환,,,37.59463,126.94852,1800,300,,,,1,2,1,적색+녹색+황색+파랑+핑크+하늘색+흰색,2,6단 1열,10
207,VMR2000040,서울특별시,성북구,11290,3,내부순환,,,37.59983,127.04066999999999,1800,300,,,,1,2,1,적색+녹색+황색+파랑+핑크+하늘색+흰색,2,6단 1열,10
208,VMR2000050,서울특별시,성동구,11200,3,내부순환,,,37.56473,127.04778,1800,300,,,,1,2,1,적색+녹색+황색+파랑+핑크+하늘색+흰색,2,6단 1열,10
209,VMR3000020,서울특별시,서대문구,11410,3,내부순환,,,37.587559999999996,126.936,1800,300,,,,1,2,1,적색+녹색+황색+파랑+핑크+하늘색+흰색,2,6단 1열,10
210,VMR5000010,서울특별시,성동구,11200,3,내부순환,,,37.55948,127.05086999999999,6000,1800,,,,1,2,1,적색+녹색+황색+흰색,2,3단 10열,10
211,VMR5000020,서울특별시,동대문구,11230,3,내부순환,,,37.583079999999995,127.03533,6000,1800,,,,1,2,1,적색+녹색+황색+흰색,2,3단 10열,10
212,VMR5000030,서울특별시,성북구,11290,3,내부순환,,,37.603320000000004,127.01623000000001,9000,1800,,,,2,2,1,적색+녹색+황색+흰색,2,3단 15열,10
213,VMR5000040,서울특별시,서대문구,11410,3,내부순환,,,37.57607,126.92754,6000,1800,,,,1,2,1,적색+녹색+황색+흰색,2,3단 10열,10
214,VMR5000050,서울특별시,마포구,11440,3,내부순환,,,37.5643,126.90693999999999,6000,1800,,,,1,2,1,적색+녹색+황색+흰색,2,3단 10열,10
215,VMR6000010,서울특별시,동대문구,11230,3,내부순환,,,37.57251,127.03586999999999,1800,300,,,,1,2,1,적색+녹색+황색+파랑+핑크+하늘색+흰색,2,6단 1열,10
216,VMR6000020,서울특별시,성북구,11290,3,내부순환,,,37.60415,127.03092,1800,300,,,,1,2,1,적색+녹색+황색+파랑+핑크+하늘색+흰색,2,6단 1열,10
217,VMR6000030,서울특별시,성북구,11290,3,내부순환,,,37.606759999999994,127.00686,1800,300,,,,1,2,1,적색+녹색+황색+파랑+핑크+하늘색+흰색,2,6단 1열,10
218,VMBB500110,서울특별시,서초구,11650,3,반포대로,,,37.48949,127.00899,3840,2880,,,,3,2,1,적색+녹색+황색+파랑+핑크+하늘색+흰색,1,12단 16열,12
219,VMT1000020,서울특별시,용산구,11170,3,녹사평대로,,,37.541709999999995,126.98817,6000,1200,,,,3,2,1,적색+녹색+황색+흰색,2,2단 10열,9
220,VMT5000070,서울특별시,중구,11140,3,삼일대로,,,37.560829999999996,126.97713999999999,6000,1200,,,,3,2,1,적색+녹색+황색+흰색,2,2단 10열,9
221,VMT1000030,서울특별시,용산구,11170,3,녹사평대로,,,37.53477,126.98338000000001,6000,1200,,,,3,2,1,적색+녹색+황색+흰색,2,2단 10열,9
222,VMD5000040,서울특별시,노원구,11350,3,동부간선로,,,37.657,127.05431999999999,9000,1800,,,,2,2,1,적색+녹색+황색+흰색,2,3단 15열,18
223,VMK5000010,서울특별시,마포구,11440,3,강변북로,,,37.542590000000004,126.91561000000002,9000,1800,,,,2,2,1,적색+녹색+황색+흰색,2,3단 15열,10
224,VMK5000110,서울특별시,마포구,11440,3,강변북로,,,37.56989,126.87403,6000,1800,,,,3,2,1,적색+녹색+황색+흰색,2,3단 10열,9
225,VML1000010,서울특별시,강서구,11500,3,올림픽대로,,,37.558820000000004,126.86985,9000,1800,,,,2,2,1,적색+녹색+황색+흰색,2,3단 15열,16
226,VML1000050,서울특별시,서초구,11650,3,올림픽대로,,,37.50873,126.99533999999998,9000,1800,,,,2,2,1,적색+녹색+황색+흰색,2,3단 15열,14
227,VMA9000700,서울특별시,노원구,11350,3,한글비석로,,,37.64606,127.07643,6000,1800,,,,3,2,1,적색+녹색+황색+흰색,2,3단 10열,18
228,VMA9000870,서울특별시,송파구,11710,3,송파대로,,,37.48397,127.12328000000001,6000,1800,,,,3,2,1,적색+녹색+황색+흰색,2,3단 10열,18
229,VMA9000890,서울특별시,성남시,41130,3,성남대로,,,37.46252,127.12631999999999,6000,1800,,,,3,2,1,적색+녹색+황색+흰색,2,3단 10열,17
230,VMA9000910,서울특별시,서초구,11650,3,헌릉로,,,37.462340000000005,127.04802,6000,1800,,,,3,2,1,적색+녹색+황색+흰색,2,3단 10열,14
231,VMB1000030,서울특별시,성북구,11290,3,북부간선,,,37.61072,127.05673,6000,1800,,,,2,2,1,적색+녹색+황색+흰색,2,3단 10열,15
232,VMB5000020,서울특별시,중랑구,11260,3,북부간선,,,37.61773,127.07766000000001,6000,1800,,,,2,2,1,적색+녹색+황색+흰색,2,3단 10열,15
233,VMD1000010,서울특별시,성동구,11200,3,동부간선로,,,37.54736,127.03542,9000,1800,,,,2,2,1,적색+녹색+황색+흰색,2,3단 15열,17
234,VMSS100260,서울특별시,중랑구,11260,3,면목로,,,37.591797,127.08653999999999,3360,2400,,,,3,2,1,적색+녹색+황색+파랑+핑크+하늘색+흰색,1,10단 14열,17
235,VMSS100270,서울특별시,중랑구,11260,3,면목로,,,37.574436,127.08508300000001,3360,2400,,,,3,2,1,적색+녹색+황색+파랑+핑크+하늘색+흰색,1,10단 14열,17
236,VML1000090,서울특별시,강남구,11680,3,올림픽대로,,,37.52943,127.04825,9000,1800,,,,2,2,1,적색+녹색+황색+흰색,2,3단 15열,16
237,VML1000100,서울특별시,송파구,11710,3,올림픽대로,,,37.51703,127.08511999999999,6000,1800,,,,3,2,1,적색+녹색+황색+흰색,2,3단 10열,16
238,VML1000110,서울특별시,송파구,11710,3,올림픽대로,,,37.52603,127.10511000000001,9000,1800,,,,2,2,1,적색+녹색+황색+흰색,2,3단 15열,14
239,VML1000130,서울특별시,강동구,11740,3,올림픽대로,,,37.55041,127.12271000000001,6000,1800,,,,3,2,1,적색+녹색+황색+흰색,2,3단 10열,16
240,VML5000010,서울특별시,강서구,11500,3,올림픽대로,,,37.571870000000004,126.84783999999999,6000,1800,,,,3,2,1,적색+녹색+황색+흰색,2,3단 10열,15
241,VMO9000390,서울특별시,송파구,11710,3,올림픽로,,,37.52899,127.11962,6000,1800,,,,3,2,1,적색+녹색+황색+파랑+핑크+하늘색+흰색,2,3단 10열,18
242,VMO9000400,서울특별시,강동구,11740,3,올림픽로,,,37.534659999999995,127.1222,6000,1800,,,,3,2,1,적색+녹색+황색+파랑+핑크+하늘색+흰색,2,3단 10열,18
243,VMO9000410,서울특별시,강동구,11740,3,선사로,,,37.54465,127.12548000000001,6000,1800,,,,3,2,1,적색+녹색+황색+파랑+핑크+하늘색+흰색,2,3단 10열,17
244,VMO9000420,서울특별시,강동구,11740,3,선사로,,,37.54695,127.12656000000001,6000,1800,,,,3,2,1,적색+녹색+황색+파랑+핑크+하늘색+흰색,2,3단 10열,18
245,VMO9000430,서울특별시,강동구,11740,3,고덕로,,,37.55475,127.13863,6000,1800,,,,3,2,1,적색+녹색+황색+파랑+핑크+하늘색+흰색,2,3단 10열,18
246,VMO9000440,서울특별시,강서구,11500,3,개화동로,,,37.56712,126.80436,6000,1800,,,,3,2,1,적색+녹색+황색+흰색,2,3단 10열,9
247,VMO9000450,서울특별시,동작구,11590,3,현충로,,,37.50659,126.96744,6000,1800,,,,3,2,1,적색+녹색+황색+흰색,2,3단 10열,9
248,VMO9000460,서울특별시,서초구,11650,3,동작대로,,,37.48936,126.98252,6000,1800,,,,3,2,1,적색+녹색+황색+흰색,2,3단 10열,9
249,VMK1000010,서울특별시,용산구,11170,3,강변북로,,,37.52729,127.00567,6000,1800,,,,3,2,1,적색+녹색+황색+흰색,2,3단 10열,10
250,VMO9000470,서울특별시,용산구,11170,3,반포대로,,,37.52534,126.99179,3360,2400,,,,3,2,1,적색+녹색+황색+흰색,2,10단 14열,10
251,VMO9000480,서울특별시,강남구,11680,3,봉은사로,,,37.514379999999996,127.06173999999999,6000,1200,,,,3,2,1,적색+녹색+황색+흰색,2,2단 10열,9
252,VMO9000490,서울특별시,송파구,11710,3,선사로,,,37.500009999999996,127.11214,6000,1800,,,,3,2,1,적색+녹색+황색+흰색,2,3단 10열,9
253,VMR0000010,서울특별시,성북구,11290,3,내부순환,,,37.60317,127.02575,1800,300,,,,1,2,1,적색+녹색+황색+흰색,2,6단 1열,10
254,VMGG500010,서울특별시,강서구,11500,3,양천로,,,37.53638,126.89112,6000,1800,,,,3,2,1,적색+녹색+황색+파랑+핑크+하늘색+흰색,1,3단 10열,18
255,VMA9000400,서울특별시,광진구,11215,3,천호대로,,,37.54913,127.09208999999998,6000,1200,,,,3,2,1,적색+녹색+황색+파랑+핑크+하늘색+흰색,2,2단 10열,18
256,VMK1000050,서울특별시,마포구,11440,3,강변북로,,,37.549040000000005,126.90522,9000,1800,,,,2,2,1,적색+녹색+황색+흰색,2,3단 15열,10
257,VMK1000060,서울특별시,마포구,11440,3,강변북로,,,37.56895,126.87593000000001,9000,1200,,,,2,2,1,적색+녹색+황색+흰색,2,2단 15열,15
258,VMK5000040,서울특별시,용산구,11170,3,강변북로,,,37.52016,126.99691999999999,6000,1800,,,,3,2,1,적색+녹색+황색+흰색,2,3단 10열,10
259,VML1000040,서울특별시,동작구,11590,3,올림픽대로,,,37.51635,126.94978,9000,1800,,,,2,2,1,적색+녹색+황색+흰색,2,3단 15열,14
260,VMA9000690,서울특별시,노원구,11350,3,월계로,,,37.63554,127.06741000000001,6000,1800,,,,3,2,1,적색+녹색+황색+흰색,2,3단 10열,17
261,VMA9000750,서울특별시,중랑구,11260,3,망우로,,,37.59687,127.0871,6000,1800,,,,3,2,1,적색+녹색+황색+흰색,2,3단 10열,18
262,VMD1000040,서울특별시,노원구,11350,3,동부간선로,,,37.65825,127.05362,2880,1680,,,,3,2,1,적색+녹색+황색+흰색,2,7단 12열,6
263,VMD1000080,서울특별시,성동구,11200,3,동부간선로,,,37.55104,127.05436999999999,2400,2160,,,,3,2,1,적색+녹색+황색+흰색,1,9단 10열,6
264,VMA9000040,서울특별시,성북구,11290,3,종암로,,,37.59366,127.03631000000001,6000,1800,,,,3,2,1,적색+녹색+황색+파랑+핑크+하늘색+흰색,2,3단 10열,17
265,VMA9000080,서울특별시,성북구,11290,3,정릉로,,,37.60443,127.01213,6000,1200,,,,3,2,1,적색+녹색+황색+파랑+핑크+하늘색+흰색,2,2단 10열,17
266,VMA9000120,서울특별시,서대문구,11410,3,수색로,,,37.57309,126.90713000000001,6000,1200,,,,3,2,1,적색+녹색+황색+파랑+핑크+하늘색+흰색,2,2단 10열,17
267,VMN1000010,서울특별시,영등포구,11560,3,노들로,,,37.54094,126.89621000000001,6000,1800,,,,3,2,1,적색+녹색+황색+파랑+핑크+하늘색+흰색,2,3단 10열,17
268,VMN5000010,서울특별시,영등포구,11560,3,노들로,,,37.54169,126.89483999999999,6000,1800,,,,3,2,1,적색+녹색+황색+파랑+핑크+하늘색+흰색,2,3단 10열,17
269,VMO9000010,서울특별시,김포시,41570,3,벌말로,,,37.584559999999996,126.78408,6000,1800,,,,3,2,1,적색+녹색+황색+흰색,2,3단 10열,16
270,VMO9000050,서울특별시,강서구,11500,3,화곡로,,,37.54925,126.8476,6000,1800,,,,3,2,1,적색+녹색+황색+흰색,2,3단 10열,16
271,VMO9000070,서울특별시,양천구,11470,3,안양천로,,,37.54047,126.88518,6000,1800,,,,3,2,1,적색+녹색+황색+흰색,2,3단 10열,16
272,VMO9000090,서울특별시,마포구,11440,3,신촌로,,,37.55023,126.93213,6000,1800,,,,3,2,1,적색+녹색+황색+흰색,2,3단 10열,16
273,VMO9000110,서울특별시,영등포구,11560,3,여의대로,,,37.526270000000004,126.92585,6000,1800,,,,3,2,1,적색+녹색+황색+흰색,2,3단 10열,16
274,VMO9000130,서울특별시,영등포구,11560,3,여의동로,,,37.51761,126.93661999999999,6000,1800,,,,3,2,1,적색+녹색+황색+흰색,2,3단 10열,16
275,VMO9000150,서울특별시,서초구,11650,3,방배로,,,37.49497,126.98916000000001,6000,1800,,,,3,2,1,적색+녹색+황색+흰색,2,3단 10열,16
276,VMO9000310,서울특별시,강남구,11680,3,영동대로,,,37.52179,127.05613000000001,6000,1800,,,,3,2,1,적색+녹색+황색+파랑+핑크+하늘색+흰색,2,3단 10열,17
277,VMO9000320,서울특별시,강남구,11680,3,테헤란로,,,37.50931,127.06526000000001,6000,1800,,,,3,2,1,적색+녹색+황색+파랑+핑크+하늘색+흰색,2,3단 10열,18
278,VMA9000470,서울특별시,강남구,11680,3,언주로,,,37.522490000000005,127.03361000000001,6000,1200,,,,3,2,1,적색+녹색+황색+파랑+핑크+하늘색+흰색,2,2단 10열,18
279,VMA9000480,서울특별시,성북구,11290,3,화랑로,,,37.60303,127.0428,6000,1200,,,,3,2,1,적색+녹색+황색+파랑+핑크+하늘색+흰색,2,2단 10열,18
280,VMB1000010,서울특별시,중랑구,11260,3,북부간선,,,37.61537,127.10448999999998,3840,3840,,,,3,2,1,적색+녹색+황색+파랑+핑크+하늘색+흰색,1,16단 16열,13
281,VMHH100200,서울특별시,노원구,11350,3,화랑로,,,37.639590999999996,127.10948300000001,3840,2880,,,,3,2,1,적색+녹색+황색+파랑+핑크+하늘색+흰색,1,12단 16열,14
282,VMA9000510,서울특별시,성북구,11290,3,화랑로,,,37.619009999999996,127.07932,6000,1200,,,,3,2,1,적색+녹색+황색+파랑+핑크+하늘색+흰색,2,2단 10열,18
283,VMA9000530,서울특별시,노원구,11350,3,노원로,,,37.6294,127.0841,6000,1200,,,,3,2,1,적색+녹색+황색+파랑+핑크+하늘색+흰색,2,2단 10열,18
284,VMQ1000030,서울특별시,관악구,11620,3,강남순환로,,,37.468790000000006,126.94726999999999,7800,1800,,,,3,2,1,적색+녹색+황색+파랑+핑크+하늘색+흰색,2,3단 13열,16
285,VMQ5000020,서울특별시,관악구,11620,3,강남순환로,,,37.46909,126.94823999999998,7800,1800,,,,3,2,1,적색+녹색+황색+파랑+핑크+하늘색+흰색,2,3단 13열,16
286,VMQ5000030,서울특별시,서초구,11650,3,강남순환로,,,37.47011,126.98669,7800,1800,,,,3,2,1,적색+녹색+황색+파랑+핑크+하늘색+흰색,2,3단 13열,16
287,VMQ1000020,서울특별시,서초구,11650,3,강남순환로,,,37.470420000000004,126.98642,7800,1800,,,,3,2,1,적색+녹색+황색+파랑+핑크+하늘색+흰색,2,3단 13열,16
288,VMK5000020,서울특별시,용산구,11170,3,강변북로,,,37.53116,126.94977,9000,1800,,,,2,2,1,적색+녹색+황색+흰색,2,3단 15열,10
289,VMK5000030,서울특별시,용산구,11170,3,강변북로,,,37.51713,126.97318,6000,1800,,,,3,2,1,적색+녹색+황색+흰색,2,3단 10열,10
290,VMK5000120,서울특별시,마포구,11440,3,강변북로,,,37.56133,126.88893,2880,1680,,,,3,2,1,적색+녹색+황색+흰색,2,7단 12열,15
291,VMA9000710,서울특별시,노원구,11350,3,월계로,,,37.6265,127.05343,6000,1800,,,,3,2,1,적색+녹색+황색+흰색,2,3단 10열,17
292,VMA9000770,서울특별시,동대문구,11230,3,망우로,,,37.58967,127.06123000000001,6000,1800,,,,3,2,1,적색+녹색+황색+흰색,2,3단 10열,17
293,VMA9000780,서울특별시,광진구,11215,3,동일로,,,37.5624,127.07536999999999,6000,1800,,,,3,2,1,적색+녹색+황색+흰색,2,3단 10열,18
294,VMA9000790,서울특별시,광진구,11215,3,천호대로,,,37.55766,127.07857,6000,1800,,,,3,2,1,적색+녹색+황색+흰색,2,3단 10열,17
295,VMA9000800,서울특별시,광진구,11215,3,동일로,,,37.55325,127.07043,6000,1800,,,,3,2,1,적색+녹색+황색+흰색,2,3단 10열,17
296,VMA9000840,서울특별시,강남구,11680,3,밤고개로,,,37.488240000000005,127.10071,6000,1800,,,,3,2,1,적색+녹색+황색+흰색,2,3단 10열,17
297,VMD1000060,서울특별시,성북구,11290,3,동부간선로,,,37.605340000000005,127.071,9000,1800,,,,2,2,1,적색+녹색+황색+흰색,2,3단 15열,17
298,VMA9000060,서울특별시,강북구,11305,3,월계로,,,37.61636,127.04065,3360,2400,,,,3,2,1,적색+녹색+황색+흰색,2,10단 14열,10
299,VMA9000100,서울특별시,서대문구,11410,3,연희로,,,37.58338,126.93615,6000,1200,,,,3,2,1,적색+녹색+황색+흰색,2,2단 10열,16
300,VMA9000140,서울특별시,서대문구,11410,3,성산로,,,37.561820000000004,126.93236999999999,6000,1800,,,,3,2,1,적색+녹색+황색+파랑+핑크+하늘색+흰색,2,3단 10열,17
301,VMA9000180,서울특별시,양천구,11470,3,공항대로,,,37.54705,126.87191999999999,6000,1800,,,,3,2,1,적색+녹색+황색+파랑+핑크+하늘색+흰색,2,3단 10열,17
302,VMA9000210,서울특별시,영등포구,11560,3,경인로,,,37.51543,126.9043,6000,1200,,,,3,2,1,적색+녹색+황색+흰색,2,2단 10열,16
303,VMA9000250,서울특별시,용산구,11170,3,녹사평대로,,,37.53112,126.9696,6000,1800,,,,3,2,1,적색+녹색+황색+파랑+핑크+하늘색+흰색,2,3단 10열,17
304,VMA9000290,서울특별시,용산구,11170,3,한남대로,,,37.53705,127.00473000000001,6000,1800,,,,3,2,1,적색+녹색+황색+파랑+핑크+하늘색+흰색,2,3단 10열,17
305,VMA9000340,서울특별시,강서구,11500,3,화곡로,,,37.55737,126.85327,6000,1200,,,,3,2,1,적색+녹색+황색+파랑+핑크+하늘색+흰색,2,2단 10열,18
306,VMA9000380,서울특별시,광진구,11215,3,자양로,,,37.54316,127.08442,6000,1200,,,,3,2,1,적색+녹색+황색+파랑+핑크+하늘색+흰색,2,2단 10열,18
307,VML5000040,서울특별시,영등포구,11560,3,올림픽대로,,,37.54891,126.88651999999999,9000,1800,,,,2,2,1,적색+녹색+황색+흰색,2,3단 15열,15
308,VMN1000020,서울특별시,영등포구,11560,3,노들로,,,37.51605,126.92233,6000,1800,,,,3,2,1,적색+녹색+황색+파랑+핑크+하늘색+흰색,2,3단 10열,17
309,VMA9000440,서울특별시,광진구,11215,3,구의로,,,37.54179,127.06533999999999,3200,320,,,,3,2,1,적색+녹색+황색+흰색,2,1단 10열,3
310,VMA9000450,서울특별시,강동구,11740,3,천호대로,,,37.53666,127.13036000000001,6000,1200,,,,3,2,1,적색+녹색+황색+파랑+핑크+하늘색+흰색,2,2단 10열,18
311,VMA9000460,서울특별시,강동구,11740,3,강동대로,,,37.52336,127.13003,6000,1200,,,,3,2,1,적색+녹색+황색+파랑+핑크+하늘색+흰색,2,2단 10열,17
312,VML5000100,서울특별시,강남구,11680,3,올림픽대로,,,37.529959999999996,127.04486999999999,7680,2880,,,,2,2,1,적색+녹색+황색+파랑+핑크+하늘색+흰색,1,12단 32열,15
313,VMT5000010,서울특별시,중구,11140,3,녹사평대로,,,37.563109999999995,126.98841000000002,3360,2400,,,,3,2,1,적색+녹색+황색+흰색,2,10단 14열,9
314,VMT5000020,서울특별시,중구,11140,3,퇴계로,,,37.56067,126.98511,6000,1200,,,,3,2,1,적색+녹색+황색+흰색,2,2단 10열,9
315,VMT5000030,서울특별시,중구,11140,3,삼일대로,,,37.56115,126.99151,6000,1200,,,,3,2,1,적색+녹색+황색+흰색,2,2단 10열,9
316,VMT5000040,서울특별시,중구,11140,3,소공로,,,37.55761,126.98323,6000,1200,,,,1,2,1,적색+녹색+황색+흰색,2,2단 10열,9
317,VMT1000010,서울특별시,용산구,11170,3,한남대로,,,37.536229999999996,127.00578,6000,1200,,,,3,2,1,적색+녹색+황색+흰색,2,2단 10열,9
318,VMT5000050,서울특별시,중구,11140,3,장충단로,,,37.55518,127.00236000000001,3360,2400,,,,3,2,1,적색+녹색+황색+흰색,2,10단 14열,9
319,VML1000070,서울특별시,강남구,11680,3,올림픽대로,,,37.53414,127.03046,5040,3600,,,,2,2,1,적색+녹색+황색+파랑+핑크+하늘색+흰색,1,15단 21열,14
320,VML5000110,서울특별시,송파구,11710,3,올림픽대로,,,37.51658,127.08214,9000,1800,,,,2,2,1,적색+녹색+황색+흰색,2,3단 15열,16
321,1001,서울특별시,종로구,11110,3,새문안로,,,37.569966,126.974291,3840,2880,,,,3,2,1,적색+녹색+황색+파랑+핑크+하늘색+흰색,1,12단 16열,12
322,1002,서울특별시,종로구,11110,3,자하문로,,,37.58259,126.97041399999999,3840,2880,,,,3,2,1,적색+녹색+황색+파랑+핑크+하늘색+흰색,1,12단 16열,12
323,1003,서울특별시,종로구,11110,3,사직로,,,37.575837,126.97147,3840,2880,,,,3,2,1,적색+녹색+황색+파랑+핑크+하늘색+흰색,1,12단 16열,12
324,1004,서울특별시,서대문구,11410,3,통일로,,,37.575092,126.957155,2880,3840,,,,1,2,1,적색+녹색+황색+파랑+핑크+하늘색+흰색,1,16단 12열,12
325,1005,서울특별시,서대문구,11410,3,성산로,,,37.561669,126.93228,3840,2880,,,,3,2,1,적색+녹색+황색+파랑+핑크+하늘색+흰색,1,12단 16열,12
326,1006,서울특별시,마포구,11440,3,성산로,,,37.562418,126.90187,3840,2880,,,,3,2,1,적색+녹색+황색+파랑+핑크+하늘색+흰색,1,12단 16열,12
327,1007,서울특별시,마포구,11440,3,양화로,,,37.548372,126.91114499999999,3840,2880,,,,3,2,1,적색+녹색+황색+파랑+핑크+하늘색+흰색,1,12단 16열,12
328,1008,서울특별시,영등포구,11560,3,국회대로,,,37.525609,126.90655,3840,2880,,,,3,2,1,적색+녹색+황색+파랑+핑크+하늘색+흰색,1,12단 16열,12
329,1009,서울특별시,마포구,11440,3,신촌로,,,37.55665,126.94415900000001,2880,3840,,,,1,2,1,적색+녹색+황색+파랑+핑크+하늘색+흰색,1,16단 12열,12
330,1010,서울특별시,마포구,11440,3,마포대로,,,37.5408,126.94763400000001,3840,2880,,,,3,2,1,적색+녹색+황색+파랑+핑크+하늘색+흰색,1,12단 16열,12
331,1011,서울특별시,마포구,11440,3,마포대로,,,37.55383,126.956921,3840,2880,,,,3,2,1,적색+녹색+황색+파랑+핑크+하늘색+흰색,1,12단 16열,12
332,1012,서울특별시,용산구,11170,3,만리재로,,,37.552625,126.963794,2880,3840,,,,1,2,1,적색+녹색+황색+파랑+핑크+하늘색+흰색,1,16단 12열,12
333,1013,서울특별시,용산구,11170,3,청파로,,,37.55171,126.969527,3840,2880,,,,3,2,1,적색+녹색+황색+파랑+핑크+하늘색+흰색,1,12단 16열,12
334,1014,서울특별시,용산구,11170,3,한강대로,,,37.531131,126.969801,2880,3840,,,,1,2,1,적색+녹색+황색+파랑+핑크+하늘색+흰색,1,16단 12열,12
335,1015,서울특별시,용산구,11170,3,한강대로,,,37.550501000000004,126.97208799999999,2880,3840,,,,1,2,1,적색+녹색+황색+파랑+핑크+하늘색+흰색,1,16단 12열,12
336,1016,서울특별시,중구,11140,3,소공로,,,37.55872,126.983049,3840,2880,,,,3,2,1,적색+녹색+황색+파랑+핑크+하늘색+흰색,1,12단 16열,12
337,1017,서울특별시,중구,11140,3,삼일대로,,,37.560384,126.989627,3840,2880,,,,3,2,1,적색+녹색+황색+파랑+핑크+하늘색+흰색,1,12단 16열,12
338,1018,서울특별시,성동구,11200,3,동호로,,,37.547965000000005,127.015964,2880,3840,,,,1,2,1,적색+녹색+황색+파랑+핑크+하늘색+흰색,1,16단 12열,12
339,1019,서울특별시,중구,11140,3,왕십리로,,,37.565681,127.01783600000002,3840,2880,,,,3,2,1,적색+녹색+황색+파랑+핑크+하늘색+흰색,1,12단 16열,12
340,1020,서울특별시,동대문구,11230,3,천호대로,,,37.571886,127.044394,3840,2880,,,,3,2,1,적색+녹색+황색+파랑+핑크+하늘색+흰색,1,12단 16열,12
341,1021,서울특별시,동대문구,11230,3,왕산로,,,37.577273999999996,127.02871499999999,2880,3840,,,,1,2,1,적색+녹색+황색+파랑+핑크+하늘색+흰색,1,16단 12열,12
342,1022,서울특별시,마포구,11440,3,성산로,,,37.562427,126.901858,3840,2880,,,,3,2,1,적색+녹색+황색+파랑+핑크+하늘색+흰색,1,12단 16열,12
343,1023,서울특별시,성북구,11290,3,종암로,,,37.595995,127.03536899999999,3840,2880,,,,3,2,1,적색+녹색+황색+파랑+핑크+하늘색+흰색,1,12단 16열,12
344,1024,서울특별시,성북구,11290,3,동소문로,,,37.589725,127.008925,3840,2880,,,,3,2,1,적색+녹색+황색+파랑+핑크+하늘색+흰색,1,12단 16열,12
345,1025,서울특별시,종로구,11110,3,종로,,,37.570806,126.996276,3840,2880,,,,3,2,1,적색+녹색+황색+파랑+핑크+하늘색+흰색,1,12단 16열,12
346,1026,서울특별시,중구,11140,3,세종대로,,,37.568934999999996,126.977319,5760,2880,,,,3,2,1,적색+녹색+황색+파랑+핑크+하늘색+흰색,1,12단 24열,12
347,2001,서울특별시,양천구,11470,3,안양천로,,,37.512274,126.87453799999999,4080,2880,,,,3,2,1,적색+녹색+황색+파랑+핑크+하늘색+흰색,1,12단 17열,15
348,2002,서울특별시,양천구,11470,3,남부순환로,,,37.51853,126.838618,4080,2880,,,,3,2,1,적색+녹색+황색+파랑+핑크+하늘색+흰색,1,12단 17열,15
349,2002,서울특별시,양천구,11470,3,남부순환로,,,37.5091,126.858446,4080,2880,,,,3,2,1,적색+녹색+황색+파랑+핑크+하늘색+흰색,1,12단 17열,15
350,2002,서울특별시,양천구,11470,3,남부순환로,,,37.506221999999994,126.883927,4080,2880,,,,3,2,1,적색+녹색+황색+파랑+핑크+하늘색+흰색,1,12단 17열,15
351,2002,서울특별시,양천구,11470,3,남부순환로,,,37.492255,126.835472,4080,2880,,,,3,2,1,적색+녹색+황색+파랑+핑크+하늘색+흰색,1,12단 17열,15
352,2002,서울특별시,양천구,11470,3,남부순환로,,,37.497252,126.85469099999999,4080,2880,,,,3,2,1,적색+녹색+황색+파랑+핑크+하늘색+흰색,1,12단 17열,15
353,2002,서울특별시,양천구,11470,3,남부순환로,,,37.51393,126.898953,4080,2880,,,,3,2,1,적색+녹색+황색+파랑+핑크+하늘색+흰색,1,12단 17열,15
354,3001,서울특별시,강남구,11680,3,테헤란로,,,37.505534999999995,127.05238700000001,4080,2880,,,,3,2,1,적색+녹색+황색+파랑+핑크+하늘색+흰색,1,12단 17열,15
355,3002,서울특별시,강남구,11680,3,남부순환로,,,37.491408,127.05694,4080,2880,,,,3,2,1,적색+녹색+황색+파랑+핑크+하늘색+흰색,1,12단 17열,15
356,3003,서울특별시,송파구,11710,3,송파대로,,,37.493951,127.117547,4080,2880,,,,3,2,1,적색+녹색+황색+파랑+핑크+하늘색+흰색,1,12단 17열,15
357,3004,서울특별시,광진구,11215,3,자양로,,,37.534434000000005,127.08421100000001,4080,2880,,,,3,2,1,적색+녹색+황색+파랑+핑크+하늘색+흰색,1,12단 17열,15
358,3005,서울특별시,송파구,11710,3,송파대로,,,37.483657,127.12403799999998,4080,2880,,,,3,2,1,적색+녹색+황색+파랑+핑크+하늘색+흰색,1,12단 17열,15
359,3006,서울특별시,강남구,11680,3,양재대로,,,37.490119,127.08706200000002,4080,2880,,,,3,2,1,적색+녹색+황색+파랑+핑크+하늘색+흰색,1,12단 17열,15
360,3007,서울특별시,송파구,11710,3,올림픽로,,,37.535624,127.12215,4080,2880,,,,3,2,1,적색+녹색+황색+파랑+핑크+하늘색+흰색,1,12단 17열,15
361,3008,서울특별시,강동구,11740,3,양재대로,,,37.532132,127.137666,4080,2880,,,,3,2,1,적색+녹색+황색+파랑+핑크+하늘색+흰색,1,12단 17열,15
362,3009,서울특별시,송파구,11710,3,위례성대로,,,37.513954,127.12362399999999,4080,2880,,,,3,2,1,적색+녹색+황색+파랑+핑크+하늘색+흰색,1,12단 17열,15
363,3010,서울특별시,송파구,11710,3,올림픽로,,,37.511553,127.088334,4080,2880,,,,3,2,1,적색+녹색+황색+파랑+핑크+하늘색+흰색,1,12단 17열,15
364,3011,서울특별시,송파구,11710,3,송파대로,,,37.517993,127.09633899999999,8160,2880,,,,3,2,1,적색+녹색+황색+파랑+핑크+하늘색+흰색,1,12단 34열,15
365,3012,서울특별시,송파구,11710,3,삼전로,,,37.503624,127.08764599999999,4080,2880,,,,3,2,1,적색+녹색+황색+파랑+핑크+하늘색+흰색,1,12단 17열,15
366,3013,서울특별시,송파구,11710,3,올림픽로,,,37.516477,127.109625,4080,2880,,,,3,2,1,적색+녹색+황색+파랑+핑크+하늘색+흰색,1,12단 17열,15
367,3014,서울특별시,송파구,11710,3,송파대로,,,37.504216,127.10801200000002,4080,2880,,,,3,2,1,적색+녹색+황색+파랑+핑크+하늘색+흰색,1,12단 17열,15
368,3015,서울특별시,송파구,11710,3,송파대로,,,37.506912,127.10602800000001,4080,2880,,,,3,2,1,적색+녹색+황색+파랑+핑크+하늘색+흰색,1,12단 17열,15
369,3016,서울특별시,송파구,11710,3,도곡로,,,37.506189,127.079048,4080,2880,,,,3,2,1,적색+녹색+황색+파랑+핑크+하늘색+흰색,1,12단 17열,15
370,3017,서울특별시,송파구,11710,3,오금로,,,37.507369,127.118182,4080,2880,,,,3,2,1,적색+녹색+황색+파랑+핑크+하늘색+흰색,1,12단 17열,15
371,국도 목포방향 금천IC,서울특별시,금천구,11545,2,서부간선도로,1번,1.0,37.462303000000006,126.88878100000001,6000,1200,6400.0,1600.0,8000.0,2,2,1,빨간색+노란색+녹색,2,2단10열,9
372,서울방향 금토양재2(LCS),서울특별시,서초구,11650,1,경부고속도로,1번,2.0,37.440302,127.060505,3000,600,4000.0,1600.0,8500.0,1,2,1,적색+황색+녹색+청색+청녹색+보라색+백색,2,1단10열,18
373,부산방향 양재IC(BUS),서울특별시,서초구,11650,1,경부고속도로,1번,1.0,37.45382,127.048825,2400,600,3400.0,1600.0,7500.0,1,2,1,빨간색+노란색+녹색,2,1단6열,10
374,국도 양재(화훼),서울특별시,서초구,11650,3,강남대로,41번,1.0,37.468056,127.040278,6000,1200,7000.0,2200.0,7500.0,2,2,1,빨간색+노란색+녹색,2,2단10열,5
375,부산방향 양재IC,서울특별시,서초구,11650,1,경부고속도로,1번,1.0,37.464115,127.039028,12600,1800,10000.0,2200.0,7500.0,1,2,1,빨간색+노란색+녹색,2,3단21열,14
376,서울방향 양재IC,서울특별시,서초구,11650,1,경부고속도로,1번,2.0,37.463611,127.039722,12600,1800,10000.0,2200.0,7500.0,1,2,1,빨간색+노란색+녹색,2,3단21열,14
377,만남의광장 교통안내,서울특별시,서초구,11650,1,경부고속도로,1번,1.0,37.47007,127.033472,1200,1200,1400.0,1400.0,6000.0,2,2,1,빨간색+노란색+녹색,2,2단2열,17
378,국도 서초(서초),서울특별시,서초구,11650,3,남부순환로,92번,2.0,37.482778,127.022222,6000,1200,7000.0,2200.0,8500.0,2,2,1,빨간색+노란색+녹색,2,2단10열,5
379,국도 서초(도곡),서울특별시,서초구,11650,3,남부순환로,92번,1.0,37.484167,127.030556,6000,1200,7000.0,2200.0,8500.0,2,2,1,빨간색+노란색+녹색,2,2단10열,6
380,국도 반포(고속TM),서울특별시,서초구,11650,5,사평대로,,2.0,37.503056,127.017778,6000,1200,7000.0,2200.0,8500.0,2,2,1,빨간색+노란색+녹색,2,2단10열,5
381,국도 강일IC(88대로),서울특별시,강동구,11740,3,올림픽대로,88번,2.0,37.568172,127.15404199999999,6000,1200,6400.0,1600.0,8000.0,2,2,1,빨간색+노란색+녹색,2,2단10열,9
382,판교구리방향 강일IC,서울특별시,강동구,11740,1,서울외곽순환고속도로,100번,2.0,37.554803,127.17678899999999,9000,1800,9400.0,2200.0,8000.0,1,2,1,적색+황색+녹색+청색+청녹색+보라색+백색,2,3단15열,18
383,국도 상일IC(천호대교),서울특별시,강동구,11740,3,천호대로,50번,2.0,37.539522,127.155603,6000,1200,6400.0,1600.0,8000.0,2,2,1,빨간색+노란색+녹색,2,2단10열,9
384,판교구리방향 서하남,서울특별시,송파구,11710,1,서울외곽순환고속도로,100번,2.0,37.490756,127.137667,9000,1800,9400.0,2200.0,8000.0,1,2,1,빨간색+노란색+녹색,2,3단15열,9
385,국도 송파IC(장지역),서울특별시,송파구,11710,3,송파대로,71번,1.0,37.480672,127.12498899999999,6000,1200,6400.0,1600.0,8000.0,2,2,1,빨간색+노란색+녹색,2,2단10열,9
386,국도 송파IC(헌릉로),서울특별시,강남구,11680,3,헌릉로,,2.0,37.464953,127.11183899999999,6000,1200,6400.0,1600.0,8000.0,2,2,1,빨간색+노란색+녹색,2,2단10열,14
387,서울방향 금토양재2(LCS),서울특별시,서초구,11650,고속,경부고속도로,1번,2.0,37.440302,127.060505,3000,600,4000.0,1600.0,8500.0,2,2,1,모든 색상,2,1단10열,18
388,중랑-남구리,서울특별시,중랑구,11260,1,구리포천고속도로,29번,1.0,37.361785999999995,127.65258999999999,6000,1200,6400.0,1600.0,4500.0,1,2,1,빨간색+노란색+녹색,2,2단10열,17
389,미사IC,서울특별시,강동구,11740,1,서울양양고속도로,60번,2.0,37.576389,127.171944,16000,3000,17000.0,3600.0,7600.0,1,2,1,빨간색+노란색+녹색,2,3단16열,9
390,헌릉IC 하,서울특별시,강남구,11680,1,용인서울고속도로,171번,2.0,37.274642,127.053528,6000,1200,6600.0,1600.0,6600.0,2,2,1,빨간색+노란색+녹색,2,2단10열,9
391,불암터널퇴계원,서울특별시,노원구,11350,1,외곽순환고속도로,100번,1.0,37.673427000000004,127.095804,7800,1800,8400.0,2400.0,8700.0,1,2,1,빨간색+노란색+녹색,2,3단13열,15
392,수락터널일산,서울특별시,노원구,11350,1,외곽순환고속도로,100번,2.0,37.672853,127.09653600000001,7800,1800,8400.0,2400.0,8700.0,1,2,1,빨간색+노란색+녹색,2,3단13열,15
393,올림픽대로,서울특별시,강서구,11500,3,올림픽대로,88번,1.0,37.579008,126.833853,8000,1600,8400.0,2000.0,6640.0,2,2,1,적색+황색+녹색+청색+청녹색+보라색+백색,2,2단10열,18
394,개화터널 공항(33+920),서울특별시,강서구,11500,1,인천국제공항고속도로,130번,1.0,37.584812,126.81256599999999,10400,1600,10900.0,1950.0,6225.0,1,2,1,적색+황색+녹색+청색+청녹색+보라색+백색,2,2단13열,18
395,개화터널 서울(32+790),서울특별시,강서구,11500,1,인천국제공항고속도로,130번,2.0,37.585527,126.800276,10400,1600,10900.0,1950.0,6225.0,1,2,1,적색+황색+녹색+청색+청녹색+보라색+백색,2,2단13열,18
396,미사IC,서울특별시,강동구,11740,고속,서울양양고속도로,60번,2.0,37.576389,127.171944,16000,3000,17000.0,3600.0,7600.0,1,2,1,빨간색+노란색+녹색,2,3단16열,9
397,중랑-남구리,서울특별시,중랑구,11260,고속,구리포천고속도로,29번,1.0,37.361785999999995,127.65259099999999,6000,1200,6400.0,1600.0,4500.0,1,2,1,빨간색+노란색+녹색,2,2단10열,17
398,헌릉IC(용인),서울특별시,강남구,11680,고속,용인서울고속도로,171번,2.0,37.462801,127.09319199999999,7200,1200,7800.0,1600.0,6600.0,3,2,1,빨간색+노란색+녹색,2,2단12열,21
399,개화터널 공항(33+920),서울특별시,강서구,31500,고속,인천국제공항고속도로,5,1.0,37.584755,126.812666,10400,1600,10900.0,1950.0,6225.0,1,2,1,적색+황색+녹색+청색+청녹색+보라색+백색,2,2단13열,18
400,올림픽대로(1+0),서울특별시,강서구,31500,일반,올림픽대로,5,1.0,37.578972,126.83376499999999,8000,1600,8400.0,2000.0,6640.0,3,2,1,적색+황색+녹색+청색+청녹색+보라색+백색,2,2단10열,18
401,개화터널 서울(32+790),서울특별시,강서구,31500,고속,인천국제공항고속도로,5,2.0,37.585516,126.80013899999999,10400,1600,10900.0,1950.0,6225.0,1,2,1,적색+황색+녹색+청색+청녹색+보라색+백색,2,2단13열,18
402,국도 반포(고속TM),서울특별시,서초구,11650,고속,사평대로,92번,2.0,37.503056,127.017778,6000,600,6600.0,1000.0,8500.0,1,2,1,모든 색상,2,1단10열,19
403,국도 서초(도곡),서울특별시,서초구,11650,고속,남부순환로,92번,1.0,37.484167,127.030556,6000,600,6600.0,1000.0,8500.0,1,2,1,모든 색상,2,1단10열,19
404,국도 서초(서초),서울특별시,서초구,11650,고속,남부순환로,92번,2.0,37.482778,127.022222,6000,600,6600.0,1000.0,8500.0,1,2,1,모든 색상,2,1단10열,19
405,만남의광장 교통안내,서울특별시,서초구,11650,고속,경부고속도로,1번,1.0,37.47007,127.033472,1200,1200,1400.0,1400.0,6000.0,1,2,1,빨간색+노란색+녹색,2,2단2열,17
406,서울방향 양재IC,서울특별시,서초구,11650,고속,경부고속도로,1번,2.0,37.463611,127.039722,12600,1800,10000.0,2200.0,7500.0,2,2,1,빨간색+노란색+녹색,2,3단21열,14
407,부산방향 양재IC,서울특별시,서초구,11650,고속,경부고속도로,1번,1.0,37.464115,127.039028,12600,1800,10000.0,2200.0,7500.0,2,2,1,빨간색+노란색+녹색,2,3단21열,14
408,국도 양재(화훼),서울특별시,서초구,11650,고속,강남대로,41번,1.0,37.468056,127.040278,6000,600,6600.0,1000.0,8500.0,1,2,1,모든 색상,2,1단10열,19
409,부산방향 양재IC(BUS),서울특별시,서초구,11650,고속,경부고속도로,1번,1.0,37.45382,127.048825,2400,600,3400.0,1600.0,7500.0,2,2,1,빨간색+노란색+녹색,2,1단6열,10
410,국도 송파IC(헌릉로),서울특별시,강남구,11680,고속,헌릉로,71번,2.0,37.464953,127.11183899999999,6000,1200,6400.0,1600.0,8000.0,1,2,1,빨간색+노란색+녹색,2,2단10열,14
411,국도 송파IC(장지역),서울특별시,송파구,11710,고속,송파대로,71번,1.0,37.480672,127.12498899999999,6000,1200,6400.0,1600.0,8000.0,1,2,1,빨간색+노란색+녹색,2,2단10열,9
412,판교구리방향 서하남,서울특별시,송파구,11710,고속,서울외곽순환고속도로,100번,2.0,37.490756,127.137667,9000,1800,9400.0,2200.0,8000.0,2,2,1,빨간색+노란색+녹색,2,3단15열,9
413,국도 상일IC(천호대교),서울특별시,강동구,11740,고속,천호대로,50번,2.0,37.539522,127.155603,6000,1200,6400.0,1600.0,8000.0,1,2,1,빨간색+노란색+녹색,2,2단10열,9
414,판교구리방향 강일IC,서울특별시,강동구,11740,고속,서울외곽순환고속도로,100번,2.0,37.554803,127.17678899999999,9000,1800,9400.0,2200.0,8000.0,2,2,1,모든 색상,2,3단15열,18
415,국도 강일IC(88대로),서울특별시,강동구,11740,고속,올림픽대로,88번,2.0,37.568172,127.15404199999999,6000,1200,6400.0,1600.0,8000.0,1,2,1,빨간색+노란색+녹색,2,2단10열,9
416,국도 목포방향 금천IC,서울특별시,금천구,11545,고속,서부간선도로,1번,1.0,37.46230278,126.88878059999999,6000,1200,6400.0,1600.0,8000.0,1,2,1,빨간색+노란색+녹색,2,2단10열,9
417,국도 반포(고속TM),서울특별시,서초구,11650,고속,사평대로,92번,2.0,37.50305556,127.01777779999999,6000,600,6600.0,1000.0,8500.0,1,2,1,모든 색상,2,1단10열,19
418,국도 서초(도곡),서울특별시,서초구,11650,고속,남부순환로,92번,1.0,37.48416667,127.03055559999999,6000,600,6600.0,1000.0,8500.0,1,2,1,모든 색상,2,1단10열,19
419,국도 서초(서초),서울특별시,서초구,11650,고속,남부순환로,92번,2.0,37.48277778,127.0222222,6000,600,6600.0,1000.0,8500.0,1,2,1,모든 색상,2,1단10열,19
420,만남의광장 교통안내,서울특별시,서초구,11650,고속,경부고속도로,1번,1.0,37.47007009,127.0334722,1200,1200,1400.0,1400.0,6000.0,1,2,1,빨간색+노란색+녹색,2,2단2열,17
421,서울방향 양재IC,서울특별시,서초구,11650,고속,경부고속도로,1번,2.0,37.46361111,127.0397222,12600,1800,10000.0,2200.0,7500.0,2,2,1,빨간색+노란색+녹색,2,3단21열,14
422,부산방향 양재IC,서울특별시,서초구,11650,고속,경부고속도로,1번,1.0,37.464115,127.039028,12600,1800,10000.0,2200.0,7500.0,2,2,1,빨간색+노란색+녹색,2,3단21열,14
423,국도 양재(화훼),서울특별시,서초구,11650,고속,강남대로,41번,1.0,37.46805556,127.0402778,6000,600,6600.0,1000.0,8500.0,1,2,1,모든 색상,2,1단10열,19
424,부산방향 양재IC(BUS),서울특별시,서초구,11650,고속,경부고속도로,1번,1.0,37.4538201,127.048825,2400,600,3400.0,1600.0,7500.0,2,2,1,빨간색+노란색+녹색,2,1단6열,10
425,서울방향 금토양재2(LCS),서울특별시,서초구,11650,고속,경부고속도로,1번,2.0,37.44030244,127.060505,3000,600,4000.0,1600.0,8500.0,2,2,1,모든 색상,2,1단10열,18
426,국도 송파IC(헌릉로),서울특별시,강남구,11680,고속,헌릉로,71번,2.0,37.46495278,127.1118389,6000,1200,6400.0,1600.0,8000.0,1,2,1,빨간색+노란색+녹색,2,2단10열,14
427,국도 송파IC(장지역),서울특별시,송파구,11710,고속,송파대로,71번,1.0,37.48067222,127.12498889999999,6000,1200,6400.0,1600.0,8000.0,1,2,1,빨간색+노란색+녹색,2,2단10열,9
428,판교구리방향 서하남,서울특별시,송파구,11710,고속,서울외곽순환고속도로,100번,2.0,37.49075556,127.13766670000001,9000,1800,9400.0,2200.0,8000.0,2,2,1,빨간색+노란색+녹색,2,3단15열,9
429,국도 상일IC(천호대교),서울특별시,강동구,11740,고속,천호대로,50번,2.0,37.53952222,127.1556028,6000,1200,6400.0,1600.0,8000.0,1,2,1,빨간색+노란색+녹색,2,2단10열,9
430,판교구리방향 강일IC,서울특별시,강동구,11740,고속,서울외곽순환고속도로,100번,2.0,37.55480278,127.17678889999999,9000,1800,9400.0,2200.0,8000.0,2,2,1,모든 색상,2,3단15열,18
431,국도 강일IC(88대로),서울특별시,강동구,11740,고속,올림픽대로,88번,2.0,37.56817222,127.15404170000001,6000,1200,6400.0,1600.0,8000.0,1,2,1,빨간색+노란색+녹색,2,2단10열,9
432,국도 목포방향 금천IC,서울특별시,금천구,11545,고속,서부간선도로,1번,1.0,37.462303000000006,126.88878100000001,6000,1200,6400.0,1600.0,8000.0,1,2,1,빨간색+노란색+녹색,2,2단10열,9
